Starting a Gradle Daemon, 3 busy and 1 stopped Daemons could not be reused, use --status for details
> Task :buildSrc:checkKotlinGradlePluginConfigurationErrors
> Task :buildSrc:generateExternalPluginSpecBuilders
> Task :buildSrc:extractPrecompiledScriptPluginPlugins
> Task :buildSrc:compilePluginsBlocks
> Task :buildSrc:generatePrecompiledScriptPluginAccessors
> Task :buildSrc:generateScriptPluginAdapters
> Task :buildSrc:pluginDescriptors
> Task :buildSrc:processResources
> Task :buildSrc:compileKotlin
> Task :buildSrc:compileJava NO-SOURCE
> Task :buildSrc:compileGroovy NO-SOURCE
> Task :buildSrc:classes
> Task :buildSrc:jar
> Task :checkKotlinGradlePluginConfigurationErrors SKIPPED
> Task :seqra-cir-sast-dataflow:checkKotlinGradlePluginConfigurationErrors SKIPPED
> Task :seqra-cir-sast-se:checkKotlinGradlePluginConfigurationErrors SKIPPED
> Task :seqra-cir-sast-se:extractIncludeProto
> Task :seqra-cir-sast-se:extractProto
> Task :seqra-cir-sast-se:generateProto
> Task :processResources NO-SOURCE
> Task :processTestResources
> Task :seqra-cir-sast-dataflow:processResources NO-SOURCE
> Task :seqra-cir-sast-se:processResources
> Task :seqra-cir-sast-dataflow:compileKotlin
> Task :seqra-cir-sast-dataflow:compileJava NO-SOURCE
> Task :seqra-cir-sast-dataflow:classes UP-TO-DATE
> Task :seqra-cir-sast-dataflow:jar
> Task :seqra-cir-sast-se:compileKotlin
> Task :seqra-cir-sast-se:compileJava
> Task :seqra-cir-sast-se:classes
> Task :seqra-cir-sast-se:jar
> Task :compileKotlin
> Task :compileJava NO-SOURCE
> Task :classes UP-TO-DATE
> Task :jar
> Task :compileTestKotlin
> Task :compileTestJava NO-SOURCE
> Task :testClasses

> Task :test

BigProjectsEntrypointsTest > bigProject(String, boolean, String, List) > 501116-v1.0.0:radius_load_dictionary STANDARD_OUT
    05:31:43.792 [Test worker] INFO  jetbrains.exodus.io.FileDataWriter -- Uninterruptible file channel will be used
    05:31:44.740 [Test worker] INFO  j.exodus.env.EnvironmentImpl -- Exodus environment created: /tmp/xodusKeyValueStorage8047856419822195954
    05:31:54.001 [Test worker] WARN  o.s.i.i.CIRClasspathImplKt$logger$1 -- Find function by symbol name 'radius_load_dictionary'
    05:31:56.424 [Test worker] INFO  o.s.d.a.i.TaintAnalysisUnitRunnerManager -- Starting analysis of 1 methods in 1 units
    05:31:57.934 [org.seqra.dataflow.ap.ifds.TaintAnalysisUnitRunnerManager-worker-1 @coroutine#2] WARN  o.s.i.i.CIRClasspathImplKt$logger$1 -- Find function by symbol name 'g_strdup_printf'
    05:31:57.936 [org.seqra.dataflow.ap.ifds.TaintAnalysisUnitRunnerManager-worker-1 @coroutine#2] WARN  o.s.i.i.CIRClasspathImplKt$logger$1 -- Ambiguous function resolution for symbol 'g_strdup_printf': [CIRFunctionID(moduleID=MLIRModuleID(id=/tmp/big-projects-work/buggy/wireshark-1.2-buggy/epan/dissectors/packet-radius.c), id=g_strdup_printf), CIRFunctionID(moduleID=MLIRModuleID(id=/tmp/big-projects-work/buggy/wireshark-1.2-buggy/epan/radius_dict.c), id=g_strdup_printf)]
    05:31:58.185 [org.seqra.dataflow.ap.ifds.TaintAnalysisUnitRunnerManager-worker-1 @coroutine#2] WARN  o.s.i.i.CIRClasspathImplKt$logger$1 -- Find function by symbol name 'g_string_new'
    05:31:58.186 [org.seqra.dataflow.ap.ifds.TaintAnalysisUnitRunnerManager-worker-1 @coroutine#2] WARN  o.s.i.i.CIRClasspathImplKt$logger$1 -- No definition for symbol 'g_string_new', using declaration CIRFunctionID(moduleID=MLIRModuleID(id=/tmp/big-projects-work/buggy/wireshark-1.2-buggy/epan/radius_dict.c), id=g_string_new)
    05:31:58.187 [org.seqra.dataflow.ap.ifds.TaintAnalysisUnitRunnerManager-worker-1 @coroutine#2] WARN  o.s.i.i.CIRClasspathImplKt$logger$1 -- Find function by symbol name 'fopen'
    05:31:58.189 [org.seqra.dataflow.ap.ifds.TaintAnalysisUnitRunnerManager-worker-1 @coroutine#2] WARN  o.s.i.i.CIRClasspathImplKt$logger$1 -- No definition for symbol 'fopen', using declaration CIRFunctionID(moduleID=MLIRModuleID(id=/tmp/big-projects-work/buggy/wireshark-1.2-buggy/epan/radius_dict.c), id=fopen)
    05:31:58.283 [org.seqra.dataflow.ap.ifds.TaintAnalysisUnitRunnerManager-worker-1 @coroutine#2] WARN  o.s.i.i.CIRClasspathImplKt$logger$1 -- Find function by symbol name 'g_hash_table_new'
    05:31:58.284 [org.seqra.dataflow.ap.ifds.TaintAnalysisUnitRunnerManager-worker-1 @coroutine#2] WARN  o.s.i.i.CIRClasspathImplKt$logger$1 -- Ambiguous function resolution for symbol 'g_hash_table_new': [CIRFunctionID(moduleID=MLIRModuleID(id=/tmp/big-projects-work/buggy/wireshark-1.2-buggy/epan/dissectors/packet-radius.c), id=g_hash_table_new), CIRFunctionID(moduleID=MLIRModuleID(id=/tmp/big-projects-work/buggy/wireshark-1.2-buggy/epan/radius_dict.c), id=g_hash_table_new)]
    05:31:58.285 [org.seqra.dataflow.ap.ifds.TaintAnalysisUnitRunnerManager-worker-1 @coroutine#2] WARN  o.s.i.i.CIRClasspathImplKt$logger$1 -- Find function by symbol name 'Radiuslex'
    05:31:58.507 [org.seqra.dataflow.ap.ifds.TaintAnalysisUnitRunnerManager-worker-1 @coroutine#2] WARN  o.s.i.i.CIRClasspathImplKt$logger$1 -- Find function by symbol name 'g_hash_table_foreach'
    05:31:58.515 [org.seqra.dataflow.ap.ifds.TaintAnalysisUnitRunnerManager-worker-1 @coroutine#2] WARN  o.s.i.i.CIRClasspathImplKt$logger$1 -- Ambiguous function resolution for symbol 'g_hash_table_foreach': [CIRFunctionID(moduleID=MLIRModuleID(id=/tmp/big-projects-work/buggy/wireshark-1.2-buggy/epan/dissectors/packet-radius.c), id=g_hash_table_foreach), CIRFunctionID(moduleID=MLIRModuleID(id=/tmp/big-projects-work/buggy/wireshark-1.2-buggy/epan/radius_dict.c), id=g_hash_table_foreach)]
    05:31:58.518 [org.seqra.dataflow.ap.ifds.TaintAnalysisUnitRunnerManager-worker-1 @coroutine#2] WARN  o.s.i.i.CIRClasspathImplKt$logger$1 -- Find function by symbol name 'g_hash_table_foreach_remove'
    05:31:58.520 [org.seqra.dataflow.ap.ifds.TaintAnalysisUnitRunnerManager-worker-1 @coroutine#2] WARN  o.s.i.i.CIRClasspathImplKt$logger$1 -- Ambiguous function resolution for symbol 'g_hash_table_foreach_remove': [CIRFunctionID(moduleID=MLIRModuleID(id=/tmp/big-projects-work/buggy/wireshark-1.2-buggy/epan/dissectors/packet-radius.c), id=g_hash_table_foreach_remove), CIRFunctionID(moduleID=MLIRModuleID(id=/tmp/big-projects-work/buggy/wireshark-1.2-buggy/epan/radius_dict.c), id=g_hash_table_foreach_remove)]
    05:31:58.808 [org.seqra.dataflow.ap.ifds.TaintAnalysisUnitRunnerManager-worker-1 @coroutine#2] WARN  o.s.i.i.CIRClasspathImplKt$logger$1 -- Find function by symbol name 'g_string_free'
    05:31:58.809 [org.seqra.dataflow.ap.ifds.TaintAnalysisUnitRunnerManager-worker-1 @coroutine#2] WARN  o.s.i.i.CIRClasspathImplKt$logger$1 -- Ambiguous function resolution for symbol 'g_string_free': [CIRFunctionID(moduleID=MLIRModuleID(id=/tmp/big-projects-work/buggy/wireshark-1.2-buggy/epan/dissectors/packet-radius.c), id=g_string_free), CIRFunctionID(moduleID=MLIRModuleID(id=/tmp/big-projects-work/buggy/wireshark-1.2-buggy/epan/radius_dict.c), id=g_string_free)]
    05:31:58.859 [org.seqra.dataflow.ap.ifds.TaintAnalysisUnitRunnerManager-worker-1 @coroutine#2] WARN  o.s.i.i.CIRClasspathImplKt$logger$1 -- Find function by symbol name 'g_string_free_and_steal'
    05:31:58.860 [org.seqra.dataflow.ap.ifds.TaintAnalysisUnitRunnerManager-worker-1 @coroutine#2] WARN  o.s.i.i.CIRClasspathImplKt$logger$1 -- No definition for symbol 'g_string_free_and_steal', using declaration CIRFunctionID(moduleID=MLIRModuleID(id=/tmp/big-projects-work/buggy/wireshark-1.2-buggy/epan/radius_dict.c), id=g_string_free_and_steal)
    05:31:58.862 [org.seqra.dataflow.ap.ifds.TaintAnalysisUnitRunnerManager-worker-1 @coroutine#2] WARN  o.s.i.i.CIRClasspathImplKt$logger$1 -- Find function by symbol name 'destroy_dict'
    05:31:58.913 [org.seqra.dataflow.ap.ifds.TaintAnalysisUnitRunnerManager-worker-1 @coroutine#2] WARN  o.s.i.i.CIRClasspathImplKt$logger$1 -- Find function by symbol name 'g_free'
    05:31:58.915 [org.seqra.dataflow.ap.ifds.TaintAnalysisUnitRunnerManager-worker-1 @coroutine#2] WARN  o.s.i.i.CIRClasspathImplKt$logger$1 -- Ambiguous function resolution for symbol 'g_free': [CIRFunctionID(moduleID=MLIRModuleID(id=/tmp/big-projects-work/buggy/wireshark-1.2-buggy/epan/dissectors/packet-radius.c), id=g_free), CIRFunctionID(moduleID=MLIRModuleID(id=/tmp/big-projects-work/buggy/wireshark-1.2-buggy/epan/radius_dict.c), id=g_free)]
    05:31:59.214 [org.seqra.dataflow.ap.ifds.TaintAnalysisUnitRunnerManager-worker-1 @coroutine#2] WARN  o.s.i.i.CIRClasspathImplKt$logger$1 -- Find function by symbol name 'fclose'
    05:31:59.215 [org.seqra.dataflow.ap.ifds.TaintAnalysisUnitRunnerManager-worker-1 @coroutine#2] WARN  o.s.i.i.CIRClasspathImplKt$logger$1 -- No definition for symbol 'fclose', using declaration CIRFunctionID(moduleID=MLIRModuleID(id=/tmp/big-projects-work/buggy/wireshark-1.2-buggy/epan/radius_dict.c), id=fclose)
    05:31:59.216 [org.seqra.dataflow.ap.ifds.TaintAnalysisUnitRunnerManager-worker-1 @coroutine#2] WARN  o.s.i.i.CIRClasspathImplKt$logger$1 -- Find function by symbol name '__errno_location'
    05:31:59.217 [org.seqra.dataflow.ap.ifds.TaintAnalysisUnitRunnerManager-worker-1 @coroutine#2] WARN  o.s.i.i.CIRClasspathImplKt$logger$1 -- No definition for symbol '__errno_location', using declaration CIRFunctionID(moduleID=MLIRModuleID(id=/tmp/big-projects-work/buggy/wireshark-1.2-buggy/epan/radius_dict.c), id=__errno_location)
    05:31:59.220 [org.seqra.dataflow.ap.ifds.TaintAnalysisUnitRunnerManager-worker-1 @coroutine#2] WARN  o.s.i.i.CIRClasspathImplKt$logger$1 -- Find function by symbol name 'strerror'
    05:31:59.221 [org.seqra.dataflow.ap.ifds.TaintAnalysisUnitRunnerManager-worker-1 @coroutine#2] WARN  o.s.i.i.CIRClasspathImplKt$logger$1 -- No definition for symbol 'strerror', using declaration CIRFunctionID(moduleID=MLIRModuleID(id=/tmp/big-projects-work/buggy/wireshark-1.2-buggy/epan/radius_dict.c), id=strerror)
    05:31:59.223 [org.seqra.dataflow.ap.ifds.TaintAnalysisUnitRunnerManager-worker-1 @coroutine#2] WARN  o.s.i.i.CIRClasspathImplKt$logger$1 -- Find function by symbol name 'g_string_append_printf'
    05:31:59.225 [org.seqra.dataflow.ap.ifds.TaintAnalysisUnitRunnerManager-worker-1 @coroutine#2] WARN  o.s.i.i.CIRClasspathImplKt$logger$1 -- Ambiguous function resolution for symbol 'g_string_append_printf': [CIRFunctionID(moduleID=MLIRModuleID(id=/tmp/big-projects-work/buggy/wireshark-1.2-buggy/epan/dissectors/packet-radius.c), id=g_string_append_printf), CIRFunctionID(moduleID=MLIRModuleID(id=/tmp/big-projects-work/buggy/wireshark-1.2-buggy/epan/radius_dict.c), id=g_string_append_printf)]
    05:31:59.246 [org.seqra.dataflow.ap.ifds.TaintAnalysisUnitRunnerManager-worker-1 @coroutine#2] WARN  o.s.i.i.CIRClasspathImplKt$logger$1 -- Find function by symbol name 'yy_fatal_error'
    05:31:59.273 [org.seqra.dataflow.ap.ifds.TaintAnalysisUnitRunnerManager-worker-1 @coroutine#2] WARN  o.s.i.i.CIRClasspathImplKt$logger$1 -- Find function by symbol name 'yy_get_next_buffer'
    05:31:59.307 [org.seqra.dataflow.ap.ifds.TaintAnalysisUnitRunnerManager-worker-1 @coroutine#2] WARN  o.s.i.i.CIRClasspathImplKt$logger$1 -- Find function by symbol name 'yy_get_previous_state'
    05:31:59.312 [org.seqra.dataflow.ap.ifds.TaintAnalysisUnitRunnerManager-worker-1 @coroutine#2] WARN  o.s.i.i.CIRClasspathImplKt$logger$1 -- Find function by symbol name 'Radiuswrap'
    05:31:59.315 [org.seqra.dataflow.ap.ifds.TaintAnalysisUnitRunnerManager-worker-1 @coroutine#2] WARN  o.s.i.i.CIRClasspathImplKt$logger$1 -- Find function by symbol name 'Radiusrestart'
    05:31:59.330 [org.seqra.dataflow.ap.ifds.TaintAnalysisUnitRunnerManager-worker-1 @coroutine#2] WARN  o.s.i.i.CIRClasspathImplKt$logger$1 -- Find function by symbol name 'yy_try_NUL_trans'
    05:31:59.338 [org.seqra.dataflow.ap.ifds.TaintAnalysisUnitRunnerManager-worker-1 @coroutine#2] WARN  o.s.i.i.CIRClasspathImplKt$logger$1 -- Find function by symbol name 'Radius_delete_buffer'
    05:31:59.342 [org.seqra.dataflow.ap.ifds.TaintAnalysisUnitRunnerManager-worker-1 @coroutine#2] WARN  o.s.i.i.CIRClasspathImplKt$logger$1 -- Find function by symbol name 'Radius_switch_to_buffer'
    05:32:00.002 [org.seqra.dataflow.ap.ifds.TaintAnalysisUnitRunnerManager-worker-1 @coroutine#2] WARN  o.s.i.i.CIRClasspathImplKt$logger$1 -- Find function by symbol name 'Radius_create_buffer'
    05:32:00.007 [org.seqra.dataflow.ap.ifds.TaintAnalysisUnitRunnerManager-worker-1 @coroutine#2] WARN  o.s.i.i.CIRClasspathImplKt$logger$1 -- Find function by symbol name 'g_strerror'
    05:32:00.008 [org.seqra.dataflow.ap.ifds.TaintAnalysisUnitRunnerManager-worker-1 @coroutine#2] WARN  o.s.i.i.CIRClasspathImplKt$logger$1 -- No definition for symbol 'g_strerror', using declaration CIRFunctionID(moduleID=MLIRModuleID(id=/tmp/big-projects-work/buggy/wireshark-1.2-buggy/epan/radius_dict.c), id=g_strerror)
    05:32:00.015 [org.seqra.dataflow.ap.ifds.TaintAnalysisUnitRunnerManager-worker-1 @coroutine#2] WARN  o.s.i.i.CIRClasspathImplKt$logger$1 -- Find function by symbol name 'strtol'
    05:32:00.016 [org.seqra.dataflow.ap.ifds.TaintAnalysisUnitRunnerManager-worker-1 @coroutine#2] WARN  o.s.i.i.CIRClasspathImplKt$logger$1 -- No definition for symbol 'strtol', using declaration CIRFunctionID(moduleID=MLIRModuleID(id=/tmp/big-projects-work/buggy/wireshark-1.2-buggy/epan/radius_dict.c), id=strtol)
    05:32:00.017 [org.seqra.dataflow.ap.ifds.TaintAnalysisUnitRunnerManager-worker-1 @coroutine#2] WARN  o.s.i.i.CIRClasspathImplKt$logger$1 -- Find function by symbol name 'add_value'
    05:32:00.307 [org.seqra.dataflow.ap.ifds.TaintAnalysisUnitRunnerManager-worker-1 @coroutine#2] WARN  o.s.i.i.CIRClasspathImplKt$logger$1 -- Find function by symbol name 'g_strdup_inline'
    05:32:00.331 [org.seqra.dataflow.ap.ifds.TaintAnalysisUnitRunnerManager-worker-1 @coroutine#2] WARN  o.s.i.i.CIRClasspathImplKt$logger$1 -- Ambiguous function resolution for symbol 'g_strdup_inline': [CIRFunctionID(moduleID=MLIRModuleID(id=/tmp/big-projects-work/buggy/wireshark-1.2-buggy/epan/dissectors/packet-radius.c), id=g_strdup_inline), CIRFunctionID(moduleID=MLIRModuleID(id=/tmp/big-projects-work/buggy/wireshark-1.2-buggy/epan/radius_dict.c), id=g_strdup_inline)]
    05:32:00.332 [org.seqra.dataflow.ap.ifds.TaintAnalysisUnitRunnerManager-worker-1 @coroutine#2] WARN  o.s.i.i.CIRClasspathImplKt$logger$1 -- Find function by symbol name 'g_strdup_inline'
    05:32:00.332 [org.seqra.dataflow.ap.ifds.TaintAnalysisUnitRunnerManager-worker-1 @coroutine#2] WARN  o.s.i.i.CIRClasspathImplKt$logger$1 -- Ambiguous function resolution for symbol 'g_strdup_inline': [CIRFunctionID(moduleID=MLIRModuleID(id=/tmp/big-projects-work/buggy/wireshark-1.2-buggy/epan/dissectors/packet-radius.c), id=g_strdup_inline), CIRFunctionID(moduleID=MLIRModuleID(id=/tmp/big-projects-work/buggy/wireshark-1.2-buggy/epan/radius_dict.c), id=g_strdup_inline)]
    05:32:00.333 [org.seqra.dataflow.ap.ifds.TaintAnalysisUnitRunnerManager-worker-1 @coroutine#2] WARN  o.s.i.i.CIRClasspathImplKt$logger$1 -- Find function by symbol name 'add_attribute'
    05:32:00.387 [org.seqra.dataflow.ap.ifds.TaintAnalysisUnitRunnerManager-worker-1 @coroutine#2] WARN  o.s.i.i.CIRClasspathImplKt$logger$1 -- Find function by symbol name 'g_strdup_inline'
    05:32:00.387 [org.seqra.dataflow.ap.ifds.TaintAnalysisUnitRunnerManager-worker-1 @coroutine#2] WARN  o.s.i.i.CIRClasspathImplKt$logger$1 -- Ambiguous function resolution for symbol 'g_strdup_inline': [CIRFunctionID(moduleID=MLIRModuleID(id=/tmp/big-projects-work/buggy/wireshark-1.2-buggy/epan/dissectors/packet-radius.c), id=g_strdup_inline), CIRFunctionID(moduleID=MLIRModuleID(id=/tmp/big-projects-work/buggy/wireshark-1.2-buggy/epan/radius_dict.c), id=g_strdup_inline)]
    05:32:00.396 [org.seqra.dataflow.ap.ifds.TaintAnalysisUnitRunnerManager-worker-1 @coroutine#2] WARN  o.s.i.i.CIRClasspathImplKt$logger$1 -- Find function by symbol name 'strtoul'
    05:32:00.397 [org.seqra.dataflow.ap.ifds.TaintAnalysisUnitRunnerManager-worker-1 @coroutine#2] WARN  o.s.i.i.CIRClasspathImplKt$logger$1 -- No definition for symbol 'strtoul', using declaration CIRFunctionID(moduleID=MLIRModuleID(id=/tmp/big-projects-work/buggy/wireshark-1.2-buggy/epan/radius_dict.c), id=strtoul)
    05:32:00.399 [org.seqra.dataflow.ap.ifds.TaintAnalysisUnitRunnerManager-worker-1 @coroutine#2] WARN  o.s.i.i.CIRClasspathImplKt$logger$1 -- Find function by symbol name 'g_strdup_inline'
    05:32:00.400 [org.seqra.dataflow.ap.ifds.TaintAnalysisUnitRunnerManager-worker-1 @coroutine#2] WARN  o.s.i.i.CIRClasspathImplKt$logger$1 -- Ambiguous function resolution for symbol 'g_strdup_inline': [CIRFunctionID(moduleID=MLIRModuleID(id=/tmp/big-projects-work/buggy/wireshark-1.2-buggy/epan/dissectors/packet-radius.c), id=g_strdup_inline), CIRFunctionID(moduleID=MLIRModuleID(id=/tmp/big-projects-work/buggy/wireshark-1.2-buggy/epan/radius_dict.c), id=g_strdup_inline)]
    05:32:00.400 [org.seqra.dataflow.ap.ifds.TaintAnalysisUnitRunnerManager-worker-1 @coroutine#2] WARN  o.s.i.i.CIRClasspathImplKt$logger$1 -- Find function by symbol name 'g_strdup_inline'
    05:32:00.404 [org.seqra.dataflow.ap.ifds.TaintAnalysisUnitRunnerManager-worker-1 @coroutine#2] WARN  o.s.i.i.CIRClasspathImplKt$logger$1 -- Ambiguous function resolution for symbol 'g_strdup_inline': [CIRFunctionID(moduleID=MLIRModuleID(id=/tmp/big-projects-work/buggy/wireshark-1.2-buggy/epan/dissectors/packet-radius.c), id=g_strdup_inline), CIRFunctionID(moduleID=MLIRModuleID(id=/tmp/big-projects-work/buggy/wireshark-1.2-buggy/epan/radius_dict.c), id=g_strdup_inline)]
    05:32:00.405 [org.seqra.dataflow.ap.ifds.TaintAnalysisUnitRunnerManager-worker-1 @coroutine#2] WARN  o.s.i.i.CIRClasspathImplKt$logger$1 -- Find function by symbol name 'add_vendor'
    05:32:00.422 [org.seqra.dataflow.ap.ifds.TaintAnalysisUnitRunnerManager-worker-1 @coroutine#2] WARN  o.s.i.i.CIRClasspathImplKt$logger$1 -- Find function by symbol name 'g_strdup_inline'
    05:32:00.423 [org.seqra.dataflow.ap.ifds.TaintAnalysisUnitRunnerManager-worker-1 @coroutine#2] WARN  o.s.i.i.CIRClasspathImplKt$logger$1 -- Ambiguous function resolution for symbol 'g_strdup_inline': [CIRFunctionID(moduleID=MLIRModuleID(id=/tmp/big-projects-work/buggy/wireshark-1.2-buggy/epan/dissectors/packet-radius.c), id=g_strdup_inline), CIRFunctionID(moduleID=MLIRModuleID(id=/tmp/big-projects-work/buggy/wireshark-1.2-buggy/epan/radius_dict.c), id=g_strdup_inline)]
    05:32:00.425 [org.seqra.dataflow.ap.ifds.TaintAnalysisUnitRunnerManager-worker-1 @coroutine#2] WARN  o.s.i.i.CIRClasspathImplKt$logger$1 -- Find function by symbol name 'g_strdup_inline'
    05:32:00.425 [org.seqra.dataflow.ap.ifds.TaintAnalysisUnitRunnerManager-worker-1 @coroutine#2] WARN  o.s.i.i.CIRClasspathImplKt$logger$1 -- Ambiguous function resolution for symbol 'g_strdup_inline': [CIRFunctionID(moduleID=MLIRModuleID(id=/tmp/big-projects-work/buggy/wireshark-1.2-buggy/epan/dissectors/packet-radius.c), id=g_strdup_inline), CIRFunctionID(moduleID=MLIRModuleID(id=/tmp/big-projects-work/buggy/wireshark-1.2-buggy/epan/radius_dict.c), id=g_strdup_inline)]
    05:32:00.429 [org.seqra.dataflow.ap.ifds.TaintAnalysisUnitRunnerManager-worker-1 @coroutine#2] WARN  o.s.i.i.CIRClasspathImplKt$logger$1 -- Find function by symbol name 'g_strdup_inline'
    05:32:00.432 [org.seqra.dataflow.ap.ifds.TaintAnalysisUnitRunnerManager-worker-1 @coroutine#2] WARN  o.s.i.i.CIRClasspathImplKt$logger$1 -- Ambiguous function resolution for symbol 'g_strdup_inline': [CIRFunctionID(moduleID=MLIRModuleID(id=/tmp/big-projects-work/buggy/wireshark-1.2-buggy/epan/dissectors/packet-radius.c), id=g_strdup_inline), CIRFunctionID(moduleID=MLIRModuleID(id=/tmp/big-projects-work/buggy/wireshark-1.2-buggy/epan/radius_dict.c), id=g_strdup_inline)]
    05:32:06.820 [org.seqra.dataflow.ap.ifds.TaintAnalysisUnitRunnerManager-progress @coroutine#3] INFO  o.s.d.a.i.TaintAnalysisUnitRunnerManager -- Progress: 3/116
    05:32:06.834 [org.seqra.dataflow.ap.ifds.TaintAnalysisUnitRunnerManager-progress @coroutine#3] INFO  o.s.d.a.i.TaintAnalysisUnitRunnerManager -- Memory usage: 12702877448/12884901888 (98.59%)
    05:32:16.836 [org.seqra.dataflow.ap.ifds.TaintAnalysisUnitRunnerManager-progress @coroutine#3] INFO  o.s.d.a.i.TaintAnalysisUnitRunnerManager -- Progress: 3/131
    05:32:16.836 [org.seqra.dataflow.ap.ifds.TaintAnalysisUnitRunnerManager-progress @coroutine#3] INFO  o.s.d.a.i.TaintAnalysisUnitRunnerManager -- Memory usage: 12159384800/12884901888 (94.37%)
    05:32:18.669 [org.seqra.dataflow.ap.ifds.TaintAnalysisUnitRunnerManager-worker-1 @coroutine#2] WARN  o.s.i.i.CIRClasspathImplKt$logger$1 -- Find function by symbol name 'Radius_load_buffer_state'
    05:32:18.673 [org.seqra.dataflow.ap.ifds.TaintAnalysisUnitRunnerManager-worker-1 @coroutine#2] WARN  o.s.i.i.CIRClasspathImplKt$logger$1 -- Find function by symbol name 'Radiusensure_buffer_stack'
    05:32:18.806 [org.seqra.dataflow.ap.ifds.TaintAnalysisUnitRunnerManager-worker-1 @coroutine#2] WARN  o.s.i.i.CIRClasspathImplKt$logger$1 -- Find function by symbol name 'Radiusfree'
    05:32:19.031 [org.seqra.dataflow.ap.ifds.TaintAnalysisUnitRunnerManager-worker-1 @coroutine#2] WARN  o.s.i.i.CIRClasspathImplKt$logger$1 -- Find function by symbol name 'Radiusrealloc'
    05:32:19.033 [org.seqra.dataflow.ap.ifds.TaintAnalysisUnitRunnerManager-worker-1 @coroutine#2] WARN  o.s.i.i.CIRClasspathImplKt$logger$1 -- Find function by symbol name 'Radiusalloc'
    05:32:19.038 [org.seqra.dataflow.ap.ifds.TaintAnalysisUnitRunnerManager-worker-1 @coroutine#2] WARN  o.s.i.i.CIRClasspathImplKt$logger$1 -- Find function by symbol name 'g_hash_table_lookup'
    05:32:19.039 [org.seqra.dataflow.ap.ifds.TaintAnalysisUnitRunnerManager-worker-1 @coroutine#2] WARN  o.s.i.i.CIRClasspathImplKt$logger$1 -- Ambiguous function resolution for symbol 'g_hash_table_lookup': [CIRFunctionID(moduleID=MLIRModuleID(id=/tmp/big-projects-work/buggy/wireshark-1.2-buggy/epan/dissectors/packet-radius.c), id=g_hash_table_lookup), CIRFunctionID(moduleID=MLIRModuleID(id=/tmp/big-projects-work/buggy/wireshark-1.2-buggy/epan/radius_dict.c), id=g_hash_table_lookup)]
    05:32:19.041 [org.seqra.dataflow.ap.ifds.TaintAnalysisUnitRunnerManager-worker-1 @coroutine#2] WARN  o.s.i.i.CIRClasspathImplKt$logger$1 -- Find function by symbol name 'g_strdup_inline'
    05:32:19.042 [org.seqra.dataflow.ap.ifds.TaintAnalysisUnitRunnerManager-worker-1 @coroutine#2] WARN  o.s.i.i.CIRClasspathImplKt$logger$1 -- Ambiguous function resolution for symbol 'g_strdup_inline': [CIRFunctionID(moduleID=MLIRModuleID(id=/tmp/big-projects-work/buggy/wireshark-1.2-buggy/epan/dissectors/packet-radius.c), id=g_strdup_inline), CIRFunctionID(moduleID=MLIRModuleID(id=/tmp/big-projects-work/buggy/wireshark-1.2-buggy/epan/radius_dict.c), id=g_strdup_inline)]
    05:32:19.042 [org.seqra.dataflow.ap.ifds.TaintAnalysisUnitRunnerManager-worker-1 @coroutine#2] WARN  o.s.i.i.CIRClasspathImplKt$logger$1 -- Find function by symbol name 'g_array_append_vals'
    05:32:19.043 [org.seqra.dataflow.ap.ifds.TaintAnalysisUnitRunnerManager-worker-1 @coroutine#2] WARN  o.s.i.i.CIRClasspathImplKt$logger$1 -- Ambiguous function resolution for symbol 'g_array_append_vals': [CIRFunctionID(moduleID=MLIRModuleID(id=/tmp/big-projects-work/buggy/wireshark-1.2-buggy/epan/dissectors/packet-radius.c), id=g_array_append_vals), CIRFunctionID(moduleID=MLIRModuleID(id=/tmp/big-projects-work/buggy/wireshark-1.2-buggy/epan/radius_dict.c), id=g_array_append_vals)]
    05:32:19.043 [org.seqra.dataflow.ap.ifds.TaintAnalysisUnitRunnerManager-worker-1 @coroutine#2] WARN  o.s.i.i.CIRClasspathImplKt$logger$1 -- Find function by symbol name 'g_array_new'
    05:32:19.044 [org.seqra.dataflow.ap.ifds.TaintAnalysisUnitRunnerManager-worker-1 @coroutine#2] WARN  o.s.i.i.CIRClasspathImplKt$logger$1 -- Ambiguous function resolution for symbol 'g_array_new': [CIRFunctionID(moduleID=MLIRModuleID(id=/tmp/big-projects-work/buggy/wireshark-1.2-buggy/epan/dissectors/packet-radius.c), id=g_array_new), CIRFunctionID(moduleID=MLIRModuleID(id=/tmp/big-projects-work/buggy/wireshark-1.2-buggy/epan/radius_dict.c), id=g_array_new)]
    05:32:19.044 [org.seqra.dataflow.ap.ifds.TaintAnalysisUnitRunnerManager-worker-1 @coroutine#2] WARN  o.s.i.i.CIRClasspathImplKt$logger$1 -- Find function by symbol name 'g_strdup_inline'
    05:32:19.044 [org.seqra.dataflow.ap.ifds.TaintAnalysisUnitRunnerManager-worker-1 @coroutine#2] WARN  o.s.i.i.CIRClasspathImplKt$logger$1 -- Ambiguous function resolution for symbol 'g_strdup_inline': [CIRFunctionID(moduleID=MLIRModuleID(id=/tmp/big-projects-work/buggy/wireshark-1.2-buggy/epan/dissectors/packet-radius.c), id=g_strdup_inline), CIRFunctionID(moduleID=MLIRModuleID(id=/tmp/big-projects-work/buggy/wireshark-1.2-buggy/epan/radius_dict.c), id=g_strdup_inline)]
    05:32:19.044 [org.seqra.dataflow.ap.ifds.TaintAnalysisUnitRunnerManager-worker-1 @coroutine#2] WARN  o.s.i.i.CIRClasspathImplKt$logger$1 -- Find function by symbol name 'g_hash_table_insert'
    05:32:19.045 [org.seqra.dataflow.ap.ifds.TaintAnalysisUnitRunnerManager-worker-1 @coroutine#2] WARN  o.s.i.i.CIRClasspathImplKt$logger$1 -- Ambiguous function resolution for symbol 'g_hash_table_insert': [CIRFunctionID(moduleID=MLIRModuleID(id=/tmp/big-projects-work/buggy/wireshark-1.2-buggy/epan/dissectors/packet-radius.c), id=g_hash_table_insert), CIRFunctionID(moduleID=MLIRModuleID(id=/tmp/big-projects-work/buggy/wireshark-1.2-buggy/epan/radius_dict.c), id=g_hash_table_insert)]
    05:32:19.046 [org.seqra.dataflow.ap.ifds.TaintAnalysisUnitRunnerManager-worker-1 @coroutine#2] WARN  o.s.i.i.CIRClasspathImplKt$logger$1 -- Find function by symbol name 'malloc'
    05:32:19.047 [org.seqra.dataflow.ap.ifds.TaintAnalysisUnitRunnerManager-worker-1 @coroutine#2] WARN  o.s.i.i.CIRClasspathImplKt$logger$1 -- No definition for symbol 'malloc', using declaration CIRFunctionID(moduleID=MLIRModuleID(id=/tmp/big-projects-work/buggy/wireshark-1.2-buggy/epan/radius_dict.c), id=malloc)
    05:32:19.048 [org.seqra.dataflow.ap.ifds.TaintAnalysisUnitRunnerManager-worker-1 @coroutine#2] WARN  o.s.i.i.CIRClasspathImplKt$logger$1 -- Find function by symbol name 'g_strdup_inline'
    05:32:19.048 [org.seqra.dataflow.ap.ifds.TaintAnalysisUnitRunnerManager-worker-1 @coroutine#2] WARN  o.s.i.i.CIRClasspathImplKt$logger$1 -- Ambiguous function resolution for symbol 'g_strdup_inline': [CIRFunctionID(moduleID=MLIRModuleID(id=/tmp/big-projects-work/buggy/wireshark-1.2-buggy/epan/dissectors/packet-radius.c), id=g_strdup_inline), CIRFunctionID(moduleID=MLIRModuleID(id=/tmp/big-projects-work/buggy/wireshark-1.2-buggy/epan/radius_dict.c), id=g_strdup_inline)]
    05:32:19.095 [org.seqra.dataflow.ap.ifds.TaintAnalysisUnitRunnerManager-worker-1 @coroutine#2] WARN  o.s.i.i.CIRClasspathImplKt$logger$1 -- Find function by symbol name 'g_malloc'
    05:32:19.096 [org.seqra.dataflow.ap.ifds.TaintAnalysisUnitRunnerManager-worker-1 @coroutine#2] WARN  o.s.i.i.CIRClasspathImplKt$logger$1 -- Ambiguous function resolution for symbol 'g_malloc': [CIRFunctionID(moduleID=MLIRModuleID(id=/tmp/big-projects-work/buggy/wireshark-1.2-buggy/epan/dissectors/packet-radius.c), id=g_malloc), CIRFunctionID(moduleID=MLIRModuleID(id=/tmp/big-projects-work/buggy/wireshark-1.2-buggy/epan/radius_dict.c), id=g_malloc)]
    05:32:19.098 [org.seqra.dataflow.ap.ifds.TaintAnalysisUnitRunnerManager-worker-1 @coroutine#2] WARN  o.s.i.i.CIRClasspathImplKt$logger$1 -- Find function by symbol name 'add_tlv'
    05:32:19.750 [org.seqra.dataflow.ap.ifds.TaintAnalysisUnitRunnerManager-worker-1 @coroutine#2] WARN  o.s.i.i.CIRClasspathImplKt$logger$1 -- Find function by symbol name 'fprintf'
    05:32:19.751 [org.seqra.dataflow.ap.ifds.TaintAnalysisUnitRunnerManager-worker-1 @coroutine#2] WARN  o.s.i.i.CIRClasspathImplKt$logger$1 -- No definition for symbol 'fprintf', using declaration CIRFunctionID(moduleID=MLIRModuleID(id=/tmp/big-projects-work/buggy/wireshark-1.2-buggy/epan/radius_dict.c), id=fprintf)
    05:32:19.752 [org.seqra.dataflow.ap.ifds.TaintAnalysisUnitRunnerManager-worker-1 @coroutine#2] WARN  o.s.i.i.CIRClasspathImplKt$logger$1 -- Find function by symbol name 'exit'
    05:32:19.753 [org.seqra.dataflow.ap.ifds.TaintAnalysisUnitRunnerManager-worker-1 @coroutine#2] WARN  o.s.i.i.CIRClasspathImplKt$logger$1 -- Ambiguous function resolution for symbol 'exit': [CIRFunctionID(moduleID=MLIRModuleID(id=/tmp/big-projects-work/buggy/wireshark-1.2-buggy/epan/dissectors/packet-radius.c), id=exit), CIRFunctionID(moduleID=MLIRModuleID(id=/tmp/big-projects-work/buggy/wireshark-1.2-buggy/epan/radius_dict.c), id=exit)]
    05:32:19.759 [org.seqra.dataflow.ap.ifds.TaintAnalysisUnitRunnerManager-worker-1 @coroutine#2] WARN  o.s.i.i.CIRClasspathImplKt$logger$1 -- Find function by symbol name 'g_strdup_inline'
    05:32:19.761 [org.seqra.dataflow.ap.ifds.TaintAnalysisUnitRunnerManager-worker-1 @coroutine#2] WARN  o.s.i.i.CIRClasspathImplKt$logger$1 -- Ambiguous function resolution for symbol 'g_strdup_inline': [CIRFunctionID(moduleID=MLIRModuleID(id=/tmp/big-projects-work/buggy/wireshark-1.2-buggy/epan/dissectors/packet-radius.c), id=g_strdup_inline), CIRFunctionID(moduleID=MLIRModuleID(id=/tmp/big-projects-work/buggy/wireshark-1.2-buggy/epan/radius_dict.c), id=g_strdup_inline)]
    05:32:19.803 [org.seqra.dataflow.ap.ifds.TaintAnalysisUnitRunnerManager-worker-1 @coroutine#2] WARN  o.s.i.i.CIRClasspathImplKt$logger$1 -- Find function by symbol name 'fread'
    05:32:19.804 [org.seqra.dataflow.ap.ifds.TaintAnalysisUnitRunnerManager-worker-1 @coroutine#2] WARN  o.s.i.i.CIRClasspathImplKt$logger$1 -- No definition for symbol 'fread', using declaration CIRFunctionID(moduleID=MLIRModuleID(id=/tmp/big-projects-work/buggy/wireshark-1.2-buggy/epan/radius_dict.c), id=fread)
    05:32:19.805 [org.seqra.dataflow.ap.ifds.TaintAnalysisUnitRunnerManager-worker-1 @coroutine#2] WARN  o.s.i.i.CIRClasspathImplKt$logger$1 -- Find function by symbol name 'clearerr'
    05:32:19.806 [org.seqra.dataflow.ap.ifds.TaintAnalysisUnitRunnerManager-worker-1 @coroutine#2] WARN  o.s.i.i.CIRClasspathImplKt$logger$1 -- No definition for symbol 'clearerr', using declaration CIRFunctionID(moduleID=MLIRModuleID(id=/tmp/big-projects-work/buggy/wireshark-1.2-buggy/epan/radius_dict.c), id=clearerr)
    05:32:19.806 [org.seqra.dataflow.ap.ifds.TaintAnalysisUnitRunnerManager-worker-1 @coroutine#2] WARN  o.s.i.i.CIRClasspathImplKt$logger$1 -- Find function by symbol name 'ferror'
    05:32:19.807 [org.seqra.dataflow.ap.ifds.TaintAnalysisUnitRunnerManager-worker-1 @coroutine#2] WARN  o.s.i.i.CIRClasspathImplKt$logger$1 -- No definition for symbol 'ferror', using declaration CIRFunctionID(moduleID=MLIRModuleID(id=/tmp/big-projects-work/buggy/wireshark-1.2-buggy/epan/radius_dict.c), id=ferror)
    05:32:19.808 [org.seqra.dataflow.ap.ifds.TaintAnalysisUnitRunnerManager-worker-1 @coroutine#2] WARN  o.s.i.i.CIRClasspathImplKt$logger$1 -- Find function by symbol name 'getc'
    05:32:19.809 [org.seqra.dataflow.ap.ifds.TaintAnalysisUnitRunnerManager-worker-1 @coroutine#2] WARN  o.s.i.i.CIRClasspathImplKt$logger$1 -- No definition for symbol 'getc', using declaration CIRFunctionID(moduleID=MLIRModuleID(id=/tmp/big-projects-work/buggy/wireshark-1.2-buggy/epan/radius_dict.c), id=getc)
    05:32:19.814 [org.seqra.dataflow.ap.ifds.TaintAnalysisUnitRunnerManager-worker-1 @coroutine#2] WARN  o.s.i.i.CIRClasspathImplKt$logger$1 -- Find function by symbol name 'free'
    05:32:19.815 [org.seqra.dataflow.ap.ifds.TaintAnalysisUnitRunnerManager-worker-1 @coroutine#2] WARN  o.s.i.i.CIRClasspathImplKt$logger$1 -- No definition for symbol 'free', using declaration CIRFunctionID(moduleID=MLIRModuleID(id=/tmp/big-projects-work/buggy/wireshark-1.2-buggy/epan/radius_dict.c), id=free)
    05:32:19.825 [org.seqra.dataflow.ap.ifds.TaintAnalysisUnitRunnerManager-worker-1 @coroutine#2] WARN  o.s.i.i.CIRClasspathImplKt$logger$1 -- Find function by symbol name 'Radius_init_buffer'
    05:32:19.830 [org.seqra.dataflow.ap.ifds.TaintAnalysisUnitRunnerManager-worker-1 @coroutine#2] WARN  o.s.i.i.CIRClasspathImplKt$logger$1 -- Find function by symbol name 'Radius_flush_buffer'
    05:32:19.835 [org.seqra.dataflow.ap.ifds.TaintAnalysisUnitRunnerManager-worker-1 @coroutine#2] WARN  o.s.i.i.CIRClasspathImplKt$logger$1 -- Find function by symbol name 'g_hash_table_destroy'
    05:32:19.836 [org.seqra.dataflow.ap.ifds.TaintAnalysisUnitRunnerManager-worker-1 @coroutine#2] WARN  o.s.i.i.CIRClasspathImplKt$logger$1 -- Ambiguous function resolution for symbol 'g_hash_table_destroy': [CIRFunctionID(moduleID=MLIRModuleID(id=/tmp/big-projects-work/buggy/wireshark-1.2-buggy/epan/dissectors/packet-radius.c), id=g_hash_table_destroy), CIRFunctionID(moduleID=MLIRModuleID(id=/tmp/big-projects-work/buggy/wireshark-1.2-buggy/epan/radius_dict.c), id=g_hash_table_destroy)]
    05:32:19.862 [org.seqra.dataflow.ap.ifds.TaintAnalysisUnitRunnerManager-worker-1 @coroutine#2] WARN  o.s.i.i.CIRClasspathImplKt$logger$1 -- Find function by symbol name 'realloc'
    05:32:19.864 [org.seqra.dataflow.ap.ifds.TaintAnalysisUnitRunnerManager-worker-1 @coroutine#2] WARN  o.s.i.i.CIRClasspathImplKt$logger$1 -- No definition for symbol 'realloc', using declaration CIRFunctionID(moduleID=MLIRModuleID(id=/tmp/big-projects-work/buggy/wireshark-1.2-buggy/epan/radius_dict.c), id=realloc)
    05:32:19.870 [org.seqra.dataflow.ap.ifds.TaintAnalysisUnitRunnerManager-worker-1 @coroutine#2] WARN  o.s.i.i.CIRClasspathImplKt$logger$1 -- Find function by symbol name 'g_strdup_inline'
    05:32:19.871 [org.seqra.dataflow.ap.ifds.TaintAnalysisUnitRunnerManager-worker-1 @coroutine#2] WARN  o.s.i.i.CIRClasspathImplKt$logger$1 -- Ambiguous function resolution for symbol 'g_strdup_inline': [CIRFunctionID(moduleID=MLIRModuleID(id=/tmp/big-projects-work/buggy/wireshark-1.2-buggy/epan/dissectors/packet-radius.c), id=g_strdup_inline), CIRFunctionID(moduleID=MLIRModuleID(id=/tmp/big-projects-work/buggy/wireshark-1.2-buggy/epan/radius_dict.c), id=g_strdup_inline)]
    05:32:20.146 [Test worker @coroutine#4] INFO  o.s.d.a.i.TaintAnalysisUnitRunnerManager -- Progress: 656/0
    05:32:20.147 [Test worker @coroutine#4] INFO  o.s.d.a.i.TaintAnalysisUnitRunnerManager -- Memory usage: 12525785992/12884901888 (97.21%)
    05:32:20.153 [Test worker @coroutine#4] INFO  o.s.d.a.i.TaintAnalysisUnitRunnerManager -- Analysis done in 23.736036428s
    05:32:20.154 [Test worker] INFO  o.s.c.s.d.CIRTaintAnalyzer$Loader$logger$1 -- Total vulnerabilities: 114
    05:32:20.154 [Test worker] INFO  o.s.c.s.d.CIRTaintAnalyzer$Loader$logger$1 -- Start trace generation
    05:32:20.707 [Test worker] INFO  o.s.d.a.i.TaintAnalysisUnitRunnerManager -- Resolved 114/114 traces
    05:32:20.708 [Test worker] INFO  o.s.c.s.d.CIRTaintAnalyzer$Loader$logger$1 -- Finish trace generation

BigProjectsEntrypointsTest > bigProject(String, boolean, String, List) > 501116-v1.0.0:radius_load_dictionary STANDARD_ERROR
    [TRACE] entry=radius_load_dictionary ifdsHits=114
    [TRACE]   #0 degenerate=true rule=use-after-free-deref sink@#radius_load_dictionary:(radius_dict.l:618:7)
    [TRACE]   #1 degenerate=true rule=use-after-free-deref sink@#radius_load_dictionary:(radius_dict.l:618:7)
    [TRACE]   #2 degenerate=true rule=use-after-free-deref sink@#radius_load_dictionary:(radius_dict.l:618:28)
    [TRACE]   #3 degenerate=true rule=use-after-free-deref sink@#radius_load_dictionary:(radius_dict.l:618:28)
    [TRACE]   #4 degenerate=true rule=use-after-free-deref sink@#Radiuslex:(radius_dict.l:301:10)
    [TRACE]   #5 degenerate=true rule=use-after-free-deref sink@#Radiuslex:(radius_dict.l:301:10)
    [TRACE]   #6 degenerate=true rule=use-after-free-deref sink@#Radiuslex:(radius_dict.l:302:3)
    [TRACE]   #7 degenerate=true rule=use-after-free-deref sink@#Radiuslex:(radius_dict.l:255:2)
    [TRACE]   #8 degenerate=true rule=use-after-free-deref sink@#Radiuslex:(radius_dict.l:258:23)
    [TRACE]   #9 degenerate=true rule=use-after-free-deref sink@#Radiuslex:(radius_dict.l:258:23)
    [TRACE]   #10 degenerate=true rule=use-after-free sink@#Radiuslex:(radius_dict.l:258:13)
    [TRACE]   #11 degenerate=true rule=use-after-free-deref sink@#Radiuslex:(radius_dict.l:264:4)
    [TRACE]   #12 degenerate=true rule=use-after-free-deref sink@#Radiuslex:(radius_dict.c:1807:8)
    [TRACE]   #13 degenerate=true rule=use-after-free-deref sink@#Radiuslex:(radius_dict.c:1807:8)
    [TRACE]   #14 degenerate=true rule=use-after-free-deref sink@#Radiuslex:(radius_dict.c:1830:25)
    [TRACE]   #15 degenerate=true rule=use-after-free-deref sink@#Radiuslex:(radius_dict.c:1830:25)
    [TRACE]   #16 degenerate=true rule=use-after-free-deref sink@#Radiuslex:(radius_dict.c:1910:6)
    [TRACE]   #17 degenerate=true rule=use-after-free-deref sink@#Radiuslex:(radius_dict.c:1910:6)
    [TRACE]   #18 degenerate=true rule=use-after-free-deref sink@#Radiuslex:(radius_dict.c:1818:19)
    [TRACE]   #19 degenerate=true rule=use-after-free-deref sink@#Radiuslex:(radius_dict.c:1818:19)
    [TRACE]   #20 degenerate=true rule=use-after-free-deref sink@#Radiuslex:(radius_dict.c:1819:4)
    [TRACE]   #21 degenerate=true rule=use-after-free-deref sink@#Radiuslex:(radius_dict.c:1819:4)
    [TRACE]   #22 degenerate=true rule=use-after-free-deref sink@#Radiuslex:(radius_dict.c:1820:4)
    [TRACE]   #23 degenerate=true rule=use-after-free-deref sink@#Radiuslex:(radius_dict.c:1820:4)
    [TRACE]   #24 degenerate=false rule=use-after-free sink@#radius_load_dictionary:(radius_dict.l:618:21)
    [TRACE]   #25 degenerate=true rule=use-after-free-deref sink@#Radiuslex:(radius_dict.l:304:24)
    [TRACE]   #26 degenerate=true rule=use-after-free-deref sink@#Radiuslex:(radius_dict.l:304:24)
    [TRACE]   #27 degenerate=false rule=use-after-free sink@#Radiuslex:(radius_dict.l:301:3)
    [TRACE]   #28 degenerate=true rule=use-after-free-deref sink@#Radiuslex:(radius_dict.l:253:39)
    [TRACE]   #29 degenerate=true rule=use-after-free-deref sink@#Radiuslex:(radius_dict.l:253:39)
    [TRACE]   #30 degenerate=true rule=use-after-free-deref sink@#Radiuslex:(radius_dict.l:253:2)
    [TRACE]   #31 degenerate=true rule=use-after-free-deref sink@#Radiuslex:(radius_dict.c:222:8)
    [TRACE]   #32 degenerate=true rule=use-after-free-deref sink@#Radiuslex:(radius_dict.c:222:8)
    [TRACE]   #33 degenerate=true rule=use-after-free-deref sink@#Radiuslex:(radius_dict.c:1830:51)
    [TRACE]   #34 degenerate=true rule=use-after-free-deref sink@#Radiuslex:(radius_dict.c:1910:32)
    [TRACE]   #35 degenerate=true rule=use-after-free sink@#Radiuslex:(radius_dict.l:245:34)
    [TRACE]   #36 degenerate=true rule=use-after-free sink@#Radiuslex:(radius_dict.l:234:5)
    [TRACE]   #37 degenerate=true rule=use-after-free sink@#Radiuslex:(radius_dict.l:225:5)
    [TRACE]   #38 degenerate=true rule=use-after-free sink@#Radiuslex:(radius_dict.l:244:34)
    [TRACE]   #39 degenerate=true rule=use-after-free sink@#Radiuslex:(radius_dict.l:194:39)
    [TRACE]   #40 degenerate=true rule=use-after-free sink@#Radiuslex:(radius_dict.l:304:3)
    [TRACE]   #41 degenerate=true rule=use-after-free sink@#Radiuslex:(radius_dict.l:187:5)
    [TRACE]   #42 degenerate=true rule=use-after-free sink@#Radiuslex:(radius_dict.l:171:26)
    [TRACE]   #43 degenerate=true rule=use-after-free sink@#Radiuslex:(radius_dict.l:164:17)
    [TRACE]   #44 degenerate=true rule=use-after-free sink@#Radiuslex:(radius_dict.l:160:17)
    [TRACE]   #45 degenerate=true rule=use-after-free sink@#Radiuslex:(radius_dict.l:146:9)
    [TRACE]   #46 degenerate=true rule=use-after-free sink@#Radiuslex:(radius_dict.l:139:9)
    [TRACE]   #47 degenerate=true rule=use-after-free sink@#Radiuslex:(radius_dict.l:131:9)
    [TRACE]   #48 degenerate=true rule=use-after-free sink@#Radiuslex:(radius_dict.l:124:9)
    [TRACE]   #49 degenerate=false rule=use-after-free sink@#Radiuslex:(radius_dict.l:175:28)
    [TRACE]   #50 degenerate=true rule=use-after-free-deref sink@#Radiuslex:(radius_dict.c:1334:3)
    [TRACE]   #51 degenerate=true rule=use-after-free-deref sink@#Radiuslex:(radius_dict.c:1312:25)
    [TRACE]   #52 degenerate=true rule=use-after-free-deref sink@#Radiuslex:(fused: (radius_dict.c:1325:4)(radius_dict.c:1325:6))
    [TRACE]   #53 degenerate=true rule=use-after-free-deref sink@#Radiuslex:(radius_dict.c:1830:73)
    [TRACE]   #54 degenerate=true rule=use-after-free-deref sink@#Radiuslex:(radius_dict.c:1910:54)
    [TRACE]   #55 degenerate=true rule=use-after-free-deref sink@#Radiuslex:(radius_dict.c:1915:26)
    [TRACE]   #56 degenerate=true rule=use-after-free-deref sink@#Radiuslex:(radius_dict.c:1884:34)
    [TRACE]   #57 degenerate=true rule=use-after-free-deref sink@#Radiuslex:(radius_dict.c:1900:19)
    [TRACE]   #58 degenerate=true rule=use-after-free-deref sink@#Radiuslex:(radius_dict.c:1834:32)
    [TRACE]   #59 degenerate=true rule=use-after-free-deref sink@#Radiuslex:(radius_dict.c:1905:26)
    [TRACE]   #60 degenerate=true rule=use-after-free-deref sink@#Radiuslex:(radius_dict.l:175:45)
    [TRACE]   #61 degenerate=true rule=use-after-free-deref sink@#Radiuslex:(radius_dict.c:1849:25)
    [TRACE]   #62 degenerate=true rule=use-after-free-deref sink@#Radiuslex:(fused: (radius_dict.c:1854:13)(radius_dict.c:1854:26))
    [TRACE]   #63 degenerate=true rule=use-after-free sink@#Radiuslex:(radius_dict.l:244:83)
    [TRACE]   #64 degenerate=true rule=use-after-free sink@#Radiuslex:(radius_dict.l:245:83)
    [TRACE]   #65 degenerate=true rule=use-after-free sink@#Radiuslex:(radius_dict.l:237:5)
    [TRACE]   #66 degenerate=true rule=use-after-free sink@#Radiuslex:(radius_dict.l:236:5)
    [TRACE]   #67 degenerate=true rule=use-after-free sink@#Radiuslex:(radius_dict.l:227:5)
    [TRACE]   #68 degenerate=true rule=use-after-free sink@#Radiuslex:(radius_dict.l:218:5)
    [TRACE]   #69 degenerate=true rule=use-after-free sink@#Radiuslex:(radius_dict.l:217:5)
    [TRACE]   #70 degenerate=true rule=use-after-free-deref sink@#add_attribute:(../epan/dissectors/packet-radius.h:72:15)
    [TRACE]   #71 degenerate=true rule=use-after-free-deref sink@#add_attribute:(radius_dict.l:397:15)
    [TRACE]   #72 degenerate=true rule=use-after-free-deref sink@#add_attribute:(../epan/dissectors/packet-radius.h:72:15)
    [TRACE]   #73 degenerate=true rule=use-after-free-deref sink@#add_attribute:(radius_dict.l:400:52)
    [TRACE]   #74 degenerate=true rule=use-after-free-deref sink@#add_attribute:(radius_dict.l:397:12)
    [TRACE]   #75 degenerate=true rule=use-after-free-deref sink@#add_attribute:(radius_dict.l:398:2)
    [TRACE]   #76 degenerate=false rule=use-after-free-deref sink@#add_attribute:(radius_dict.l:352:6)
    [TRACE]   #77 degenerate=false rule=use-after-free sink@#add_attribute:(radius_dict.l:353:3)
    [TRACE]   #78 degenerate=false rule=use-after-free sink@#add_attribute:(radius_dict.l:373:7)
    [TRACE]   #79 degenerate=false rule=use-after-free-deref sink@#add_attribute:(radius_dict.l:358:6)
    [TRACE]   #80 degenerate=false rule=use-after-free-deref sink@#add_attribute:(radius_dict.l:353:32)
    [TRACE]   #81 degenerate=false rule=use-after-free-deref sink@#add_attribute:(radius_dict.l:360:49)
    [TRACE]   #82 degenerate=false rule=use-after-free-deref sink@#add_attribute:(radius_dict.l:353:17)
    [TRACE]   #83 degenerate=false rule=use-after-free-deref sink@#add_attribute:(radius_dict.l:373:14)
    [TRACE]   #84 degenerate=true rule=use-after-free-deref sink@#add_tlv:(radius_dict.l:454:2)
    [TRACE]   #85 degenerate=true rule=use-after-free-deref sink@#add_tlv:(../epan/dissectors/packet-radius.h:72:15)
    [TRACE]   #86 degenerate=true rule=use-after-free-deref sink@#add_tlv:(radius_dict.l:456:36)
    [TRACE]   #87 degenerate=true rule=use-after-free-deref sink@#add_attribute:(radius_dict.l:353:11)
    [TRACE]   #88 degenerate=true rule=use-after-free-deref sink@#add_tlv:(radius_dict.l:456:62)
    [TRACE]   #89 degenerate=true rule=use-after-free-deref sink@#destroy_dict:(radius_dict.l:584:9)
    [TRACE]   #90 degenerate=true rule=use-after-free sink@#destroy_dict:(radius_dict.l:584:2)
    [TRACE]   #91 degenerate=true rule=use-after-free-deref sink@#destroy_dict:(radius_dict.l:583:23)
    [TRACE]   #92 degenerate=true rule=use-after-free-deref sink@#destroy_dict:(radius_dict.l:582:23)
    [TRACE]   #93 degenerate=true rule=use-after-free-deref sink@#destroy_dict:(radius_dict.l:581:23)
    [TRACE]   #94 degenerate=true rule=use-after-free-deref sink@#destroy_dict:(../epan/dissectors/packet-radius.h:88:14)
    [TRACE]   #95 degenerate=true rule=use-after-free-deref sink@#destroy_dict:(radius_dict.l:581:26)
    [TRACE]   #96 degenerate=true rule=use-after-free sink@#destroy_dict:(radius_dict.l:581:2)
    [TRACE]   #97 degenerate=true rule=use-after-free-deref sink@#destroy_dict:(radius_dict.l:580:23)
    [TRACE]   #98 degenerate=true rule=use-after-free-deref sink@#destroy_dict:(../epan/dissectors/packet-radius.h:90:14)
    [TRACE]   #99 degenerate=true rule=use-after-free-deref sink@#destroy_dict:(radius_dict.l:580:26)
    [TRACE]   #100 degenerate=true rule=use-after-free sink@#destroy_dict:(radius_dict.l:580:2)
    [TRACE]   #101 degenerate=true rule=use-after-free-deref sink@#destroy_dict:(radius_dict.l:579:30)
    [TRACE]   #102 degenerate=true rule=use-after-free-deref sink@#add_vendor:(radius_dict.l:339:2)
    [TRACE]   #103 degenerate=true rule=use-after-free-deref sink@#add_vendor:(../epan/dissectors/packet-radius.h:57:15)
    [TRACE]   #104 degenerate=true rule=use-after-free-deref sink@#add_vendor:(radius_dict.l:341:42)
    [TRACE]   #105 degenerate=true rule=use-after-free-deref sink@#add_vendor:(radius_dict.l:341:68)
    [TRACE]   #106 degenerate=false rule=use-after-free-deref sink@#add_attribute:(radius_dict.l:398:12)
    [TRACE]   #107 degenerate=false rule=use-after-free-deref sink@#add_vendor:(radius_dict.l:339:12)
    [TRACE]   #108 degenerate=true rule=use-after-free sink@#add_vendor:(radius_dict.l:338:3)
    [TRACE]   #109 degenerate=true rule=use-after-free sink@#Radiuslex:(radius_dict.l:188:5)
    [TRACE]   #110 degenerate=true rule=use-after-free sink@#Radiuslex:(radius_dict.l:226:5)
    [TRACE]   #111 degenerate=true rule=use-after-free sink@#Radiuslex:(radius_dict.l:235:5)
    [TRACE]   #112 degenerate=false rule=use-after-free-deref sink@#add_tlv:(radius_dict.l:454:12)
    [TRACE]   #113 degenerate=true rule=use-after-free sink@#Radiuslex:(radius_dict.l:216:5)

BigProjectsEntrypointsTest > bigProject(String, boolean, String, List) > 501116-v1.0.0:radius_load_dictionary PASSED

BigProjectsEntrypointsTest > bigProject(String, boolean, String, List) > 501116-v1.0.0:destroy_dict STANDARD_OUT
    05:32:22.625 [Test worker] INFO  j.exodus.env.EnvironmentImpl -- Exodus environment created: /tmp/xodusKeyValueStorage17860496404458937531
    05:32:23.932 [Test worker] WARN  o.s.i.i.CIRClasspathImplKt$logger$1 -- Find function by symbol name 'destroy_dict'
    05:32:23.934 [Test worker] INFO  o.s.d.a.i.TaintAnalysisUnitRunnerManager -- Starting analysis of 1 methods in 1 units
    05:32:23.951 [org.seqra.dataflow.ap.ifds.TaintAnalysisUnitRunnerManager-worker-1 @coroutine#122] WARN  o.s.i.i.CIRClasspathImplKt$logger$1 -- Find function by symbol name 'g_hash_table_foreach_remove'
    05:32:23.952 [org.seqra.dataflow.ap.ifds.TaintAnalysisUnitRunnerManager-worker-1 @coroutine#122] WARN  o.s.i.i.CIRClasspathImplKt$logger$1 -- Ambiguous function resolution for symbol 'g_hash_table_foreach_remove': [CIRFunctionID(moduleID=MLIRModuleID(id=/tmp/big-projects-work/buggy/wireshark-1.2-buggy/epan/dissectors/packet-radius.c), id=g_hash_table_foreach_remove), CIRFunctionID(moduleID=MLIRModuleID(id=/tmp/big-projects-work/buggy/wireshark-1.2-buggy/epan/radius_dict.c), id=g_hash_table_foreach_remove)]
    05:32:23.954 [org.seqra.dataflow.ap.ifds.TaintAnalysisUnitRunnerManager-worker-1 @coroutine#122] WARN  o.s.i.i.CIRClasspathImplKt$logger$1 -- Find function by symbol name 'g_hash_table_destroy'
    05:32:23.955 [org.seqra.dataflow.ap.ifds.TaintAnalysisUnitRunnerManager-worker-1 @coroutine#122] WARN  o.s.i.i.CIRClasspathImplKt$logger$1 -- Ambiguous function resolution for symbol 'g_hash_table_destroy': [CIRFunctionID(moduleID=MLIRModuleID(id=/tmp/big-projects-work/buggy/wireshark-1.2-buggy/epan/dissectors/packet-radius.c), id=g_hash_table_destroy), CIRFunctionID(moduleID=MLIRModuleID(id=/tmp/big-projects-work/buggy/wireshark-1.2-buggy/epan/radius_dict.c), id=g_hash_table_destroy)]
    05:32:23.955 [org.seqra.dataflow.ap.ifds.TaintAnalysisUnitRunnerManager-worker-1 @coroutine#122] WARN  o.s.i.i.CIRClasspathImplKt$logger$1 -- Find function by symbol name 'g_free'
    05:32:23.956 [org.seqra.dataflow.ap.ifds.TaintAnalysisUnitRunnerManager-worker-1 @coroutine#122] WARN  o.s.i.i.CIRClasspathImplKt$logger$1 -- Ambiguous function resolution for symbol 'g_free': [CIRFunctionID(moduleID=MLIRModuleID(id=/tmp/big-projects-work/buggy/wireshark-1.2-buggy/epan/dissectors/packet-radius.c), id=g_free), CIRFunctionID(moduleID=MLIRModuleID(id=/tmp/big-projects-work/buggy/wireshark-1.2-buggy/epan/radius_dict.c), id=g_free)]
    05:32:23.983 [Test worker @coroutine#124] INFO  o.s.d.a.i.TaintAnalysisUnitRunnerManager -- Progress: 3/0
    05:32:23.984 [Test worker @coroutine#124] INFO  o.s.d.a.i.TaintAnalysisUnitRunnerManager -- Memory usage: 12406065160/12884901888 (96.28%)
    05:32:23.984 [Test worker @coroutine#124] INFO  o.s.d.a.i.TaintAnalysisUnitRunnerManager -- Analysis done in 50.120084ms
    05:32:23.984 [Test worker] INFO  o.s.c.s.d.CIRTaintAnalyzer$Loader$logger$1 -- Total vulnerabilities: 13
    05:32:23.984 [Test worker] INFO  o.s.c.s.d.CIRTaintAnalyzer$Loader$logger$1 -- Start trace generation
    05:32:23.988 [Test worker] INFO  o.s.d.a.i.TaintAnalysisUnitRunnerManager -- Resolved 13/13 traces
    05:32:23.988 [Test worker] INFO  o.s.c.s.d.CIRTaintAnalyzer$Loader$logger$1 -- Finish trace generation

BigProjectsEntrypointsTest > bigProject(String, boolean, String, List) > 501116-v1.0.0:destroy_dict STANDARD_ERROR
    [TRACE] entry=destroy_dict ifdsHits=13
    [TRACE]   #0 degenerate=true rule=use-after-free sink@#destroy_dict:(radius_dict.l:584:2)
    [TRACE]   #1 degenerate=true rule=use-after-free-deref sink@#destroy_dict:(radius_dict.l:584:9)
    [TRACE]   #2 degenerate=true rule=use-after-free-deref sink@#destroy_dict:(radius_dict.l:582:23)
    [TRACE]   #3 degenerate=true rule=use-after-free-deref sink@#destroy_dict:(../epan/dissectors/packet-radius.h:88:14)
    [TRACE]   #4 degenerate=true rule=use-after-free-deref sink@#destroy_dict:(radius_dict.l:583:23)
    [TRACE]   #5 degenerate=true rule=use-after-free-deref sink@#destroy_dict:(radius_dict.l:581:26)
    [TRACE]   #6 degenerate=true rule=use-after-free-deref sink@#destroy_dict:(radius_dict.l:581:23)
    [TRACE]   #7 degenerate=true rule=use-after-free sink@#destroy_dict:(radius_dict.l:581:2)
    [TRACE]   #8 degenerate=true rule=use-after-free-deref sink@#destroy_dict:(radius_dict.l:580:26)
    [TRACE]   #9 degenerate=true rule=use-after-free-deref sink@#destroy_dict:(../epan/dissectors/packet-radius.h:90:14)
    [TRACE]   #10 degenerate=true rule=use-after-free-deref sink@#destroy_dict:(radius_dict.l:580:23)
    [TRACE]   #11 degenerate=true rule=use-after-free sink@#destroy_dict:(radius_dict.l:580:2)
    [TRACE]   #12 degenerate=true rule=use-after-free-deref sink@#destroy_dict:(radius_dict.l:579:30)

BigProjectsEntrypointsTest > bigProject(String, boolean, String, List) > 501116-v1.0.0:destroy_dict FAILED
    org.opentest4j.AssertionFailedError at BigProjectsEntrypointsTest.kt:39

BigProjectsEntrypointsTest > bigProject(String, boolean, String, List) > 501116-v1.0.0:destroy_tlvs STANDARD_OUT
    05:32:25.605 [Test worker] INFO  j.exodus.env.EnvironmentImpl -- Exodus environment created: /tmp/xodusKeyValueStorage1497379674325958554
    05:32:27.050 [Test worker] WARN  o.s.i.i.CIRClasspathImplKt$logger$1 -- Find function by symbol name 'destroy_tlvs'
    05:32:27.054 [Test worker] INFO  o.s.d.a.i.TaintAnalysisUnitRunnerManager -- Starting analysis of 1 methods in 1 units
    05:32:27.068 [org.seqra.dataflow.ap.ifds.TaintAnalysisUnitRunnerManager-worker-1 @coroutine#141] WARN  o.s.i.i.CIRClasspathImplKt$logger$1 -- Find function by symbol name 'g_free'
    05:32:27.069 [org.seqra.dataflow.ap.ifds.TaintAnalysisUnitRunnerManager-worker-1 @coroutine#141] WARN  o.s.i.i.CIRClasspathImplKt$logger$1 -- Ambiguous function resolution for symbol 'g_free': [CIRFunctionID(moduleID=MLIRModuleID(id=/tmp/big-projects-work/buggy/wireshark-1.2-buggy/epan/dissectors/packet-radius.c), id=g_free), CIRFunctionID(moduleID=MLIRModuleID(id=/tmp/big-projects-work/buggy/wireshark-1.2-buggy/epan/radius_dict.c), id=g_free)]
    05:32:27.094 [Test worker @coroutine#143] INFO  o.s.d.a.i.TaintAnalysisUnitRunnerManager -- Progress: 3/0
    05:32:27.094 [Test worker @coroutine#143] INFO  o.s.d.a.i.TaintAnalysisUnitRunnerManager -- Memory usage: 12303478968/12884901888 (95.49%)
    05:32:27.094 [Test worker @coroutine#143] INFO  o.s.d.a.i.TaintAnalysisUnitRunnerManager -- Analysis done in 40.460292ms
    05:32:27.094 [Test worker] INFO  o.s.c.s.d.CIRTaintAnalyzer$Loader$logger$1 -- Total vulnerabilities: 18
    05:32:27.094 [Test worker] INFO  o.s.c.s.d.CIRTaintAnalyzer$Loader$logger$1 -- Start trace generation
    05:32:27.100 [Test worker] INFO  o.s.d.a.i.TaintAnalysisUnitRunnerManager -- Resolved 18/18 traces
    05:32:27.100 [Test worker] INFO  o.s.c.s.d.CIRTaintAnalyzer$Loader$logger$1 -- Finish trace generation

BigProjectsEntrypointsTest > bigProject(String, boolean, String, List) > 501116-v1.0.0:destroy_tlvs STANDARD_ERROR
    [TRACE] entry=destroy_tlvs ifdsHits=18
    [TRACE]   #0 degenerate=true rule=use-after-free sink@#destroy_tlvs:(radius_dict.l:544:2)
    [TRACE]   #1 degenerate=true rule=use-after-free-deref sink@#destroy_tlvs:(../epan/dissectors/packet-radius.h:78:22)
    [TRACE]   #2 degenerate=true rule=use-after-free-deref sink@#destroy_tlvs:(radius_dict.l:539:15)
    [TRACE]   #3 degenerate=true rule=use-after-free-deref sink@#destroy_tlvs:(radius_dict.l:542:21)
    [TRACE]   #4 degenerate=true rule=use-after-free-deref sink@#destroy_tlvs:(../epan/dissectors/packet-radius.h:78:22)
    [TRACE]   #5 degenerate=true rule=use-after-free sink@#destroy_tlvs:(radius_dict.l:542:3)
    [TRACE]   #6 degenerate=true rule=use-after-free-deref sink@#destroy_tlvs:(../epan/dissectors/packet-radius.h:78:22)
    [TRACE]   #7 degenerate=true rule=use-after-free-deref sink@#destroy_tlvs:(radius_dict.l:544:9)
    [TRACE]   #8 degenerate=true rule=use-after-free-deref sink@#destroy_tlvs:(radius_dict.l:540:22)
    [TRACE]   #9 degenerate=true rule=use-after-free-deref sink@#destroy_tlvs:(../epan/value_string.h:34:18)
    [TRACE]   #10 degenerate=true rule=use-after-free-deref sink@#destroy_tlvs:(radius_dict.l:539:21)
    [TRACE]   #11 degenerate=true rule=use-after-free-deref sink@#destroy_tlvs:(radius_dict.l:540:28)
    [TRACE]   #12 degenerate=true rule=use-after-free-deref sink@#destroy_tlvs:(../epan/value_string.h:34:18)
    [TRACE]   #13 degenerate=true rule=use-after-free-deref sink@#destroy_tlvs:(radius_dict.l:538:6)
    [TRACE]   #14 degenerate=false rule=use-after-free sink@#destroy_tlvs:(radius_dict.l:540:4)
    [TRACE]   #15 degenerate=true rule=use-after-free-deref sink@#destroy_tlvs:(radius_dict.l:539:12)
    [TRACE]   #16 degenerate=true rule=use-after-free-deref sink@#destroy_tlvs:(radius_dict.l:540:19)
    [TRACE]   #17 degenerate=true rule=use-after-free-deref sink@#destroy_tlvs:(radius_dict.l:542:18)

BigProjectsEntrypointsTest > bigProject(String, boolean, String, List) > 501116-v1.0.0:destroy_tlvs PASSED

BigProjectsEntrypointsTest > bigProject(String, boolean, String, List) > 501116-v1.0.0:register_attrs STANDARD_OUT
    05:32:28.622 [Test worker] INFO  j.exodus.env.EnvironmentImpl -- Exodus environment created: /tmp/xodusKeyValueStorage9034827284195708947
    05:32:29.729 [Test worker] WARN  o.s.i.i.CIRClasspathImplKt$logger$1 -- Find function by symbol name 'register_attrs'
    05:32:29.751 [Test worker] INFO  o.s.d.a.i.TaintAnalysisUnitRunnerManager -- Starting analysis of 1 methods in 1 units
    05:32:29.795 [org.seqra.dataflow.ap.ifds.TaintAnalysisUnitRunnerManager-worker-1 @coroutine#165] WARN  o.s.i.i.CIRClasspathImplKt$logger$1 -- Find function by symbol name 'g_strconcat'
    05:32:29.796 [org.seqra.dataflow.ap.ifds.TaintAnalysisUnitRunnerManager-worker-1 @coroutine#165] WARN  o.s.i.i.CIRClasspathImplKt$logger$1 -- No definition for symbol 'g_strconcat', using declaration CIRFunctionID(moduleID=MLIRModuleID(id=/tmp/big-projects-work/buggy/wireshark-1.2-buggy/epan/dissectors/packet-radius.c), id=g_strconcat)
    05:32:29.796 [org.seqra.dataflow.ap.ifds.TaintAnalysisUnitRunnerManager-worker-1 @coroutine#165] WARN  o.s.i.i.CIRClasspathImplKt$logger$1 -- Find function by symbol name 'g_array_append_vals'
    05:32:29.797 [org.seqra.dataflow.ap.ifds.TaintAnalysisUnitRunnerManager-worker-1 @coroutine#165] WARN  o.s.i.i.CIRClasspathImplKt$logger$1 -- Ambiguous function resolution for symbol 'g_array_append_vals': [CIRFunctionID(moduleID=MLIRModuleID(id=/tmp/big-projects-work/buggy/wireshark-1.2-buggy/epan/dissectors/packet-radius.c), id=g_array_append_vals), CIRFunctionID(moduleID=MLIRModuleID(id=/tmp/big-projects-work/buggy/wireshark-1.2-buggy/epan/radius_dict.c), id=g_array_append_vals)]
    05:32:29.798 [org.seqra.dataflow.ap.ifds.TaintAnalysisUnitRunnerManager-worker-1 @coroutine#165] WARN  o.s.i.i.CIRClasspathImplKt$logger$1 -- Find function by symbol name 'g_hash_table_foreach'
    05:32:29.799 [org.seqra.dataflow.ap.ifds.TaintAnalysisUnitRunnerManager-worker-1 @coroutine#165] WARN  o.s.i.i.CIRClasspathImplKt$logger$1 -- Ambiguous function resolution for symbol 'g_hash_table_foreach': [CIRFunctionID(moduleID=MLIRModuleID(id=/tmp/big-projects-work/buggy/wireshark-1.2-buggy/epan/dissectors/packet-radius.c), id=g_hash_table_foreach), CIRFunctionID(moduleID=MLIRModuleID(id=/tmp/big-projects-work/buggy/wireshark-1.2-buggy/epan/radius_dict.c), id=g_hash_table_foreach)]
    05:32:29.800 [org.seqra.dataflow.ap.ifds.TaintAnalysisUnitRunnerManager-worker-1 @coroutine#165] WARN  o.s.i.i.CIRClasspathImplKt$logger$1 -- Find function by symbol name 'g_strdup_inline'
    05:32:29.800 [org.seqra.dataflow.ap.ifds.TaintAnalysisUnitRunnerManager-worker-1 @coroutine#165] WARN  o.s.i.i.CIRClasspathImplKt$logger$1 -- Ambiguous function resolution for symbol 'g_strdup_inline': [CIRFunctionID(moduleID=MLIRModuleID(id=/tmp/big-projects-work/buggy/wireshark-1.2-buggy/epan/dissectors/packet-radius.c), id=g_strdup_inline), CIRFunctionID(moduleID=MLIRModuleID(id=/tmp/big-projects-work/buggy/wireshark-1.2-buggy/epan/radius_dict.c), id=g_strdup_inline)]
    05:32:29.801 [org.seqra.dataflow.ap.ifds.TaintAnalysisUnitRunnerManager-worker-1 @coroutine#165] WARN  o.s.i.i.CIRClasspathImplKt$logger$1 -- Find function by symbol name 'g_strdup_inline'
    05:32:29.801 [org.seqra.dataflow.ap.ifds.TaintAnalysisUnitRunnerManager-worker-1 @coroutine#165] WARN  o.s.i.i.CIRClasspathImplKt$logger$1 -- Ambiguous function resolution for symbol 'g_strdup_inline': [CIRFunctionID(moduleID=MLIRModuleID(id=/tmp/big-projects-work/buggy/wireshark-1.2-buggy/epan/dissectors/packet-radius.c), id=g_strdup_inline), CIRFunctionID(moduleID=MLIRModuleID(id=/tmp/big-projects-work/buggy/wireshark-1.2-buggy/epan/radius_dict.c), id=g_strdup_inline)]
    05:32:29.801 [org.seqra.dataflow.ap.ifds.TaintAnalysisUnitRunnerManager-worker-1 @coroutine#165] WARN  o.s.i.i.CIRClasspathImplKt$logger$1 -- Find function by symbol name 'g_strdup_inline'
    05:32:29.802 [org.seqra.dataflow.ap.ifds.TaintAnalysisUnitRunnerManager-worker-1 @coroutine#165] WARN  o.s.i.i.CIRClasspathImplKt$logger$1 -- Ambiguous function resolution for symbol 'g_strdup_inline': [CIRFunctionID(moduleID=MLIRModuleID(id=/tmp/big-projects-work/buggy/wireshark-1.2-buggy/epan/dissectors/packet-radius.c), id=g_strdup_inline), CIRFunctionID(moduleID=MLIRModuleID(id=/tmp/big-projects-work/buggy/wireshark-1.2-buggy/epan/radius_dict.c), id=g_strdup_inline)]
    05:32:29.802 [org.seqra.dataflow.ap.ifds.TaintAnalysisUnitRunnerManager-worker-1 @coroutine#165] WARN  o.s.i.i.CIRClasspathImplKt$logger$1 -- Find function by symbol name 'g_strdup_inline'
    05:32:29.803 [org.seqra.dataflow.ap.ifds.TaintAnalysisUnitRunnerManager-worker-1 @coroutine#165] WARN  o.s.i.i.CIRClasspathImplKt$logger$1 -- Ambiguous function resolution for symbol 'g_strdup_inline': [CIRFunctionID(moduleID=MLIRModuleID(id=/tmp/big-projects-work/buggy/wireshark-1.2-buggy/epan/dissectors/packet-radius.c), id=g_strdup_inline), CIRFunctionID(moduleID=MLIRModuleID(id=/tmp/big-projects-work/buggy/wireshark-1.2-buggy/epan/radius_dict.c), id=g_strdup_inline)]
    05:32:29.805 [Test worker @coroutine#167] INFO  o.s.d.a.i.TaintAnalysisUnitRunnerManager -- Progress: 3/0
    05:32:29.805 [Test worker @coroutine#167] INFO  o.s.d.a.i.TaintAnalysisUnitRunnerManager -- Memory usage: 12446264384/12884901888 (96.60%)
    05:32:29.805 [Test worker @coroutine#167] INFO  o.s.d.a.i.TaintAnalysisUnitRunnerManager -- Analysis done in 54.588334ms
    05:32:29.805 [Test worker] INFO  o.s.c.s.d.CIRTaintAnalyzer$Loader$logger$1 -- Total vulnerabilities: 0
    05:32:29.805 [Test worker] INFO  o.s.c.s.d.CIRTaintAnalyzer$Loader$logger$1 -- Start trace generation
    05:32:29.805 [Test worker] INFO  o.s.c.s.d.CIRTaintAnalyzer$Loader$logger$1 -- Finish trace generation

BigProjectsEntrypointsTest > bigProject(String, boolean, String, List) > 501116-v1.0.0:register_attrs STANDARD_ERROR
    [TRACE] entry=register_attrs ifdsHits=0

BigProjectsEntrypointsTest > bigProject(String, boolean, String, List) > 501116-v1.0.0:register_attrs FAILED
    org.opentest4j.AssertionFailedError at BigProjectsEntrypointsTest.kt:39

BigProjectsEntrypointsTest > bigProject(String, boolean, String, List) > 501116-v1.0.0:register_radius_fields STANDARD_OUT
    05:32:31.329 [Test worker] INFO  j.exodus.env.EnvironmentImpl -- Exodus environment created: /tmp/xodusKeyValueStorage6364519346943956455
    05:32:32.450 [Test worker] WARN  o.s.i.i.CIRClasspathImplKt$logger$1 -- Find function by symbol name 'register_radius_fields'
    05:32:32.451 [Test worker] INFO  o.s.d.a.i.TaintAnalysisUnitRunnerManager -- Starting analysis of 1 methods in 1 units
    05:32:32.485 [org.seqra.dataflow.ap.ifds.TaintAnalysisUnitRunnerManager-worker-1 @coroutine#169] WARN  o.s.i.i.CIRClasspathImplKt$logger$1 -- Find function by symbol name 'g_array_new'
    05:32:32.485 [org.seqra.dataflow.ap.ifds.TaintAnalysisUnitRunnerManager-worker-1 @coroutine#169] WARN  o.s.i.i.CIRClasspathImplKt$logger$1 -- Ambiguous function resolution for symbol 'g_array_new': [CIRFunctionID(moduleID=MLIRModuleID(id=/tmp/big-projects-work/buggy/wireshark-1.2-buggy/epan/dissectors/packet-radius.c), id=g_array_new), CIRFunctionID(moduleID=MLIRModuleID(id=/tmp/big-projects-work/buggy/wireshark-1.2-buggy/epan/radius_dict.c), id=g_array_new)]
    05:32:32.486 [org.seqra.dataflow.ap.ifds.TaintAnalysisUnitRunnerManager-worker-1 @coroutine#169] WARN  o.s.i.i.CIRClasspathImplKt$logger$1 -- Find function by symbol name 'g_array_append_vals'
    05:32:32.487 [org.seqra.dataflow.ap.ifds.TaintAnalysisUnitRunnerManager-worker-1 @coroutine#169] WARN  o.s.i.i.CIRClasspathImplKt$logger$1 -- Ambiguous function resolution for symbol 'g_array_append_vals': [CIRFunctionID(moduleID=MLIRModuleID(id=/tmp/big-projects-work/buggy/wireshark-1.2-buggy/epan/dissectors/packet-radius.c), id=g_array_append_vals), CIRFunctionID(moduleID=MLIRModuleID(id=/tmp/big-projects-work/buggy/wireshark-1.2-buggy/epan/radius_dict.c), id=g_array_append_vals)]
    05:32:32.487 [org.seqra.dataflow.ap.ifds.TaintAnalysisUnitRunnerManager-worker-1 @coroutine#169] WARN  o.s.i.i.CIRClasspathImplKt$logger$1 -- Find function by symbol name 'get_persconffile_path'
    05:32:32.487 [org.seqra.dataflow.ap.ifds.TaintAnalysisUnitRunnerManager-worker-1 @coroutine#169] WARN  o.s.i.i.CIRClasspathImplKt$logger$1 -- No definition for symbol 'get_persconffile_path', using declaration CIRFunctionID(moduleID=MLIRModuleID(id=/tmp/big-projects-work/buggy/wireshark-1.2-buggy/epan/dissectors/packet-radius.c), id=get_persconffile_path)
    05:32:32.488 [org.seqra.dataflow.ap.ifds.TaintAnalysisUnitRunnerManager-worker-1 @coroutine#169] WARN  o.s.i.i.CIRClasspathImplKt$logger$1 -- Find function by symbol name 'test_for_directory'
    05:32:32.488 [org.seqra.dataflow.ap.ifds.TaintAnalysisUnitRunnerManager-worker-1 @coroutine#169] WARN  o.s.i.i.CIRClasspathImplKt$logger$1 -- No definition for symbol 'test_for_directory', using declaration CIRFunctionID(moduleID=MLIRModuleID(id=/tmp/big-projects-work/buggy/wireshark-1.2-buggy/epan/dissectors/packet-radius.c), id=test_for_directory)
    05:32:32.489 [org.seqra.dataflow.ap.ifds.TaintAnalysisUnitRunnerManager-worker-1 @coroutine#169] WARN  o.s.i.i.CIRClasspathImplKt$logger$1 -- Find function by symbol name 'g_free'
    05:32:32.490 [org.seqra.dataflow.ap.ifds.TaintAnalysisUnitRunnerManager-worker-1 @coroutine#169] WARN  o.s.i.i.CIRClasspathImplKt$logger$1 -- Ambiguous function resolution for symbol 'g_free': [CIRFunctionID(moduleID=MLIRModuleID(id=/tmp/big-projects-work/buggy/wireshark-1.2-buggy/epan/dissectors/packet-radius.c), id=g_free), CIRFunctionID(moduleID=MLIRModuleID(id=/tmp/big-projects-work/buggy/wireshark-1.2-buggy/epan/radius_dict.c), id=g_free)]
    05:32:32.491 [org.seqra.dataflow.ap.ifds.TaintAnalysisUnitRunnerManager-worker-1 @coroutine#169] WARN  o.s.i.i.CIRClasspathImplKt$logger$1 -- Find function by symbol name 'proto_register_field_array'
    05:32:32.491 [org.seqra.dataflow.ap.ifds.TaintAnalysisUnitRunnerManager-worker-1 @coroutine#169] WARN  o.s.i.i.CIRClasspathImplKt$logger$1 -- No definition for symbol 'proto_register_field_array', using declaration CIRFunctionID(moduleID=MLIRModuleID(id=/tmp/big-projects-work/buggy/wireshark-1.2-buggy/epan/dissectors/packet-radius.c), id=proto_register_field_array)
    05:32:32.492 [org.seqra.dataflow.ap.ifds.TaintAnalysisUnitRunnerManager-worker-1 @coroutine#169] WARN  o.s.i.i.CIRClasspathImplKt$logger$1 -- Find function by symbol name 'proto_register_subtree_array'
    05:32:32.493 [org.seqra.dataflow.ap.ifds.TaintAnalysisUnitRunnerManager-worker-1 @coroutine#169] WARN  o.s.i.i.CIRClasspathImplKt$logger$1 -- No definition for symbol 'proto_register_subtree_array', using declaration CIRFunctionID(moduleID=MLIRModuleID(id=/tmp/big-projects-work/buggy/wireshark-1.2-buggy/epan/dissectors/packet-radius.c), id=proto_register_subtree_array)
    05:32:32.493 [org.seqra.dataflow.ap.ifds.TaintAnalysisUnitRunnerManager-worker-1 @coroutine#169] WARN  o.s.i.i.CIRClasspathImplKt$logger$1 -- Find function by symbol name 'g_array_free'
    05:32:32.494 [org.seqra.dataflow.ap.ifds.TaintAnalysisUnitRunnerManager-worker-1 @coroutine#169] WARN  o.s.i.i.CIRClasspathImplKt$logger$1 -- Ambiguous function resolution for symbol 'g_array_free': [CIRFunctionID(moduleID=MLIRModuleID(id=/tmp/big-projects-work/buggy/wireshark-1.2-buggy/epan/dissectors/packet-radius.c), id=g_array_free), CIRFunctionID(moduleID=MLIRModuleID(id=/tmp/big-projects-work/buggy/wireshark-1.2-buggy/epan/radius_dict.c), id=g_array_free)]
    05:32:32.495 [org.seqra.dataflow.ap.ifds.TaintAnalysisUnitRunnerManager-worker-1 @coroutine#169] WARN  o.s.i.i.CIRClasspathImplKt$logger$1 -- Find function by symbol name 'g_hash_table_new'
    05:32:32.496 [org.seqra.dataflow.ap.ifds.TaintAnalysisUnitRunnerManager-worker-1 @coroutine#169] WARN  o.s.i.i.CIRClasspathImplKt$logger$1 -- Ambiguous function resolution for symbol 'g_hash_table_new': [CIRFunctionID(moduleID=MLIRModuleID(id=/tmp/big-projects-work/buggy/wireshark-1.2-buggy/epan/dissectors/packet-radius.c), id=g_hash_table_new), CIRFunctionID(moduleID=MLIRModuleID(id=/tmp/big-projects-work/buggy/wireshark-1.2-buggy/epan/radius_dict.c), id=g_hash_table_new)]
    05:32:32.496 [org.seqra.dataflow.ap.ifds.TaintAnalysisUnitRunnerManager-worker-1 @coroutine#169] WARN  o.s.i.i.CIRClasspathImplKt$logger$1 -- Find function by symbol name 'radius_register_avp_dissector'
    05:32:32.573 [org.seqra.dataflow.ap.ifds.TaintAnalysisUnitRunnerManager-worker-1 @coroutine#169] WARN  o.s.i.i.CIRClasspathImplKt$logger$1 -- Find function by symbol name 'radius_load_dictionary'
    05:32:32.588 [org.seqra.dataflow.ap.ifds.TaintAnalysisUnitRunnerManager-worker-1 @coroutine#169] WARN  o.s.i.i.CIRClasspathImplKt$logger$1 -- Find function by symbol name 'g_hash_table_foreach'
    05:32:32.589 [org.seqra.dataflow.ap.ifds.TaintAnalysisUnitRunnerManager-worker-1 @coroutine#169] WARN  o.s.i.i.CIRClasspathImplKt$logger$1 -- Ambiguous function resolution for symbol 'g_hash_table_foreach': [CIRFunctionID(moduleID=MLIRModuleID(id=/tmp/big-projects-work/buggy/wireshark-1.2-buggy/epan/dissectors/packet-radius.c), id=g_hash_table_foreach), CIRFunctionID(moduleID=MLIRModuleID(id=/tmp/big-projects-work/buggy/wireshark-1.2-buggy/epan/radius_dict.c), id=g_hash_table_foreach)]
    05:32:32.589 [org.seqra.dataflow.ap.ifds.TaintAnalysisUnitRunnerManager-worker-1 @coroutine#169] WARN  o.s.i.i.CIRClasspathImplKt$logger$1 -- Find function by symbol name 'g_log'
    05:32:32.590 [org.seqra.dataflow.ap.ifds.TaintAnalysisUnitRunnerManager-worker-1 @coroutine#169] WARN  o.s.i.i.CIRClasspathImplKt$logger$1 -- No definition for symbol 'g_log', using declaration CIRFunctionID(moduleID=MLIRModuleID(id=/tmp/big-projects-work/buggy/wireshark-1.2-buggy/epan/dissectors/packet-radius.c), id=g_log)
    05:32:32.597 [org.seqra.dataflow.ap.ifds.TaintAnalysisUnitRunnerManager-worker-1 @coroutine#169] WARN  o.s.i.i.CIRClasspathImplKt$logger$1 -- Find function by symbol name 'get_datafile_path'
    05:32:32.598 [org.seqra.dataflow.ap.ifds.TaintAnalysisUnitRunnerManager-worker-1 @coroutine#169] WARN  o.s.i.i.CIRClasspathImplKt$logger$1 -- No definition for symbol 'get_datafile_path', using declaration CIRFunctionID(moduleID=MLIRModuleID(id=/tmp/big-projects-work/buggy/wireshark-1.2-buggy/epan/dissectors/packet-radius.c), id=get_datafile_path)
    05:32:32.605 [org.seqra.dataflow.ap.ifds.TaintAnalysisUnitRunnerManager-worker-1 @coroutine#169] WARN  o.s.i.i.CIRClasspathImplKt$logger$1 -- Find function by symbol name 'exit'
    05:32:32.605 [org.seqra.dataflow.ap.ifds.TaintAnalysisUnitRunnerManager-worker-1 @coroutine#169] WARN  o.s.i.i.CIRClasspathImplKt$logger$1 -- Ambiguous function resolution for symbol 'exit': [CIRFunctionID(moduleID=MLIRModuleID(id=/tmp/big-projects-work/buggy/wireshark-1.2-buggy/epan/dissectors/packet-radius.c), id=exit), CIRFunctionID(moduleID=MLIRModuleID(id=/tmp/big-projects-work/buggy/wireshark-1.2-buggy/epan/radius_dict.c), id=exit)]
    05:32:32.606 [org.seqra.dataflow.ap.ifds.TaintAnalysisUnitRunnerManager-worker-1 @coroutine#169] WARN  o.s.i.i.CIRClasspathImplKt$logger$1 -- Find function by symbol name 'g_hash_table_lookup'
    05:32:32.607 [org.seqra.dataflow.ap.ifds.TaintAnalysisUnitRunnerManager-worker-1 @coroutine#169] WARN  o.s.i.i.CIRClasspathImplKt$logger$1 -- Ambiguous function resolution for symbol 'g_hash_table_lookup': [CIRFunctionID(moduleID=MLIRModuleID(id=/tmp/big-projects-work/buggy/wireshark-1.2-buggy/epan/dissectors/packet-radius.c), id=g_hash_table_lookup), CIRFunctionID(moduleID=MLIRModuleID(id=/tmp/big-projects-work/buggy/wireshark-1.2-buggy/epan/radius_dict.c), id=g_hash_table_lookup)]
    05:32:32.607 [org.seqra.dataflow.ap.ifds.TaintAnalysisUnitRunnerManager-worker-1 @coroutine#169] WARN  o.s.i.i.CIRClasspathImplKt$logger$1 -- Find function by symbol name 'g_malloc'
    05:32:32.608 [org.seqra.dataflow.ap.ifds.TaintAnalysisUnitRunnerManager-worker-1 @coroutine#169] WARN  o.s.i.i.CIRClasspathImplKt$logger$1 -- Ambiguous function resolution for symbol 'g_malloc': [CIRFunctionID(moduleID=MLIRModuleID(id=/tmp/big-projects-work/buggy/wireshark-1.2-buggy/epan/dissectors/packet-radius.c), id=g_malloc), CIRFunctionID(moduleID=MLIRModuleID(id=/tmp/big-projects-work/buggy/wireshark-1.2-buggy/epan/radius_dict.c), id=g_malloc)]
    05:32:32.608 [org.seqra.dataflow.ap.ifds.TaintAnalysisUnitRunnerManager-worker-1 @coroutine#169] WARN  o.s.i.i.CIRClasspathImplKt$logger$1 -- Find function by symbol name 'g_strdup_printf'
    05:32:32.609 [org.seqra.dataflow.ap.ifds.TaintAnalysisUnitRunnerManager-worker-1 @coroutine#169] WARN  o.s.i.i.CIRClasspathImplKt$logger$1 -- Ambiguous function resolution for symbol 'g_strdup_printf': [CIRFunctionID(moduleID=MLIRModuleID(id=/tmp/big-projects-work/buggy/wireshark-1.2-buggy/epan/dissectors/packet-radius.c), id=g_strdup_printf), CIRFunctionID(moduleID=MLIRModuleID(id=/tmp/big-projects-work/buggy/wireshark-1.2-buggy/epan/radius_dict.c), id=g_strdup_printf)]
    05:32:32.609 [org.seqra.dataflow.ap.ifds.TaintAnalysisUnitRunnerManager-worker-1 @coroutine#169] WARN  o.s.i.i.CIRClasspathImplKt$logger$1 -- Find function by symbol name 'g_hash_table_insert'
    05:32:32.610 [org.seqra.dataflow.ap.ifds.TaintAnalysisUnitRunnerManager-worker-1 @coroutine#169] WARN  o.s.i.i.CIRClasspathImplKt$logger$1 -- Ambiguous function resolution for symbol 'g_hash_table_insert': [CIRFunctionID(moduleID=MLIRModuleID(id=/tmp/big-projects-work/buggy/wireshark-1.2-buggy/epan/dissectors/packet-radius.c), id=g_hash_table_insert), CIRFunctionID(moduleID=MLIRModuleID(id=/tmp/big-projects-work/buggy/wireshark-1.2-buggy/epan/radius_dict.c), id=g_hash_table_insert)]
    05:32:32.610 [org.seqra.dataflow.ap.ifds.TaintAnalysisUnitRunnerManager-worker-1 @coroutine#169] WARN  o.s.i.i.CIRClasspathImplKt$logger$1 -- Find function by symbol name 'val_to_str'
    05:32:32.611 [org.seqra.dataflow.ap.ifds.TaintAnalysisUnitRunnerManager-worker-1 @coroutine#169] WARN  o.s.i.i.CIRClasspathImplKt$logger$1 -- No definition for symbol 'val_to_str', using declaration CIRFunctionID(moduleID=MLIRModuleID(id=/tmp/big-projects-work/buggy/wireshark-1.2-buggy/epan/dissectors/packet-radius.c), id=val_to_str)
    05:32:32.612 [org.seqra.dataflow.ap.ifds.TaintAnalysisUnitRunnerManager-worker-1 @coroutine#169] WARN  o.s.i.i.CIRClasspathImplKt$logger$1 -- Find function by symbol name 'g_string_new'
    05:32:32.612 [org.seqra.dataflow.ap.ifds.TaintAnalysisUnitRunnerManager-worker-1 @coroutine#169] WARN  o.s.i.i.CIRClasspathImplKt$logger$1 -- No definition for symbol 'g_string_new', using declaration CIRFunctionID(moduleID=MLIRModuleID(id=/tmp/big-projects-work/buggy/wireshark-1.2-buggy/epan/radius_dict.c), id=g_string_new)
    05:32:32.612 [org.seqra.dataflow.ap.ifds.TaintAnalysisUnitRunnerManager-worker-1 @coroutine#169] WARN  o.s.i.i.CIRClasspathImplKt$logger$1 -- Find function by symbol name 'fopen'
    05:32:32.613 [org.seqra.dataflow.ap.ifds.TaintAnalysisUnitRunnerManager-worker-1 @coroutine#169] WARN  o.s.i.i.CIRClasspathImplKt$logger$1 -- No definition for symbol 'fopen', using declaration CIRFunctionID(moduleID=MLIRModuleID(id=/tmp/big-projects-work/buggy/wireshark-1.2-buggy/epan/radius_dict.c), id=fopen)
    05:32:32.613 [org.seqra.dataflow.ap.ifds.TaintAnalysisUnitRunnerManager-worker-1 @coroutine#169] WARN  o.s.i.i.CIRClasspathImplKt$logger$1 -- Find function by symbol name 'Radiuslex'
    05:32:32.682 [org.seqra.dataflow.ap.ifds.TaintAnalysisUnitRunnerManager-worker-1 @coroutine#169] WARN  o.s.i.i.CIRClasspathImplKt$logger$1 -- Find function by symbol name 'g_hash_table_foreach_remove'
    05:32:32.683 [org.seqra.dataflow.ap.ifds.TaintAnalysisUnitRunnerManager-worker-1 @coroutine#169] WARN  o.s.i.i.CIRClasspathImplKt$logger$1 -- Ambiguous function resolution for symbol 'g_hash_table_foreach_remove': [CIRFunctionID(moduleID=MLIRModuleID(id=/tmp/big-projects-work/buggy/wireshark-1.2-buggy/epan/dissectors/packet-radius.c), id=g_hash_table_foreach_remove), CIRFunctionID(moduleID=MLIRModuleID(id=/tmp/big-projects-work/buggy/wireshark-1.2-buggy/epan/radius_dict.c), id=g_hash_table_foreach_remove)]
    05:32:32.683 [org.seqra.dataflow.ap.ifds.TaintAnalysisUnitRunnerManager-worker-1 @coroutine#169] WARN  o.s.i.i.CIRClasspathImplKt$logger$1 -- Find function by symbol name 'g_string_free'
    05:32:32.684 [org.seqra.dataflow.ap.ifds.TaintAnalysisUnitRunnerManager-worker-1 @coroutine#169] WARN  o.s.i.i.CIRClasspathImplKt$logger$1 -- Ambiguous function resolution for symbol 'g_string_free': [CIRFunctionID(moduleID=MLIRModuleID(id=/tmp/big-projects-work/buggy/wireshark-1.2-buggy/epan/dissectors/packet-radius.c), id=g_string_free), CIRFunctionID(moduleID=MLIRModuleID(id=/tmp/big-projects-work/buggy/wireshark-1.2-buggy/epan/radius_dict.c), id=g_string_free)]
    05:32:32.688 [org.seqra.dataflow.ap.ifds.TaintAnalysisUnitRunnerManager-worker-1 @coroutine#169] WARN  o.s.i.i.CIRClasspathImplKt$logger$1 -- Find function by symbol name 'g_string_free_and_steal'
    05:32:32.689 [org.seqra.dataflow.ap.ifds.TaintAnalysisUnitRunnerManager-worker-1 @coroutine#169] WARN  o.s.i.i.CIRClasspathImplKt$logger$1 -- No definition for symbol 'g_string_free_and_steal', using declaration CIRFunctionID(moduleID=MLIRModuleID(id=/tmp/big-projects-work/buggy/wireshark-1.2-buggy/epan/radius_dict.c), id=g_string_free_and_steal)
    05:32:32.690 [org.seqra.dataflow.ap.ifds.TaintAnalysisUnitRunnerManager-worker-1 @coroutine#169] WARN  o.s.i.i.CIRClasspathImplKt$logger$1 -- Find function by symbol name 'destroy_dict'
    05:32:32.718 [org.seqra.dataflow.ap.ifds.TaintAnalysisUnitRunnerManager-worker-1 @coroutine#169] WARN  o.s.i.i.CIRClasspathImplKt$logger$1 -- Find function by symbol name 'fclose'
    05:32:32.719 [org.seqra.dataflow.ap.ifds.TaintAnalysisUnitRunnerManager-worker-1 @coroutine#169] WARN  o.s.i.i.CIRClasspathImplKt$logger$1 -- No definition for symbol 'fclose', using declaration CIRFunctionID(moduleID=MLIRModuleID(id=/tmp/big-projects-work/buggy/wireshark-1.2-buggy/epan/radius_dict.c), id=fclose)
    05:32:32.719 [org.seqra.dataflow.ap.ifds.TaintAnalysisUnitRunnerManager-worker-1 @coroutine#169] WARN  o.s.i.i.CIRClasspathImplKt$logger$1 -- Find function by symbol name '__errno_location'
    05:32:32.720 [org.seqra.dataflow.ap.ifds.TaintAnalysisUnitRunnerManager-worker-1 @coroutine#169] WARN  o.s.i.i.CIRClasspathImplKt$logger$1 -- No definition for symbol '__errno_location', using declaration CIRFunctionID(moduleID=MLIRModuleID(id=/tmp/big-projects-work/buggy/wireshark-1.2-buggy/epan/radius_dict.c), id=__errno_location)
    05:32:32.720 [org.seqra.dataflow.ap.ifds.TaintAnalysisUnitRunnerManager-worker-1 @coroutine#169] WARN  o.s.i.i.CIRClasspathImplKt$logger$1 -- Find function by symbol name 'strerror'
    05:32:32.720 [org.seqra.dataflow.ap.ifds.TaintAnalysisUnitRunnerManager-worker-1 @coroutine#169] WARN  o.s.i.i.CIRClasspathImplKt$logger$1 -- No definition for symbol 'strerror', using declaration CIRFunctionID(moduleID=MLIRModuleID(id=/tmp/big-projects-work/buggy/wireshark-1.2-buggy/epan/radius_dict.c), id=strerror)
    05:32:32.723 [org.seqra.dataflow.ap.ifds.TaintAnalysisUnitRunnerManager-worker-1 @coroutine#169] WARN  o.s.i.i.CIRClasspathImplKt$logger$1 -- Find function by symbol name 'g_string_append_printf'
    05:32:32.724 [org.seqra.dataflow.ap.ifds.TaintAnalysisUnitRunnerManager-worker-1 @coroutine#169] WARN  o.s.i.i.CIRClasspathImplKt$logger$1 -- Ambiguous function resolution for symbol 'g_string_append_printf': [CIRFunctionID(moduleID=MLIRModuleID(id=/tmp/big-projects-work/buggy/wireshark-1.2-buggy/epan/dissectors/packet-radius.c), id=g_string_append_printf), CIRFunctionID(moduleID=MLIRModuleID(id=/tmp/big-projects-work/buggy/wireshark-1.2-buggy/epan/radius_dict.c), id=g_string_append_printf)]
    05:32:32.728 [org.seqra.dataflow.ap.ifds.TaintAnalysisUnitRunnerManager-worker-1 @coroutine#169] WARN  o.s.i.i.CIRClasspathImplKt$logger$1 -- Find function by symbol name 'g_hash_table_destroy'
    05:32:32.728 [org.seqra.dataflow.ap.ifds.TaintAnalysisUnitRunnerManager-worker-1 @coroutine#169] WARN  o.s.i.i.CIRClasspathImplKt$logger$1 -- Ambiguous function resolution for symbol 'g_hash_table_destroy': [CIRFunctionID(moduleID=MLIRModuleID(id=/tmp/big-projects-work/buggy/wireshark-1.2-buggy/epan/dissectors/packet-radius.c), id=g_hash_table_destroy), CIRFunctionID(moduleID=MLIRModuleID(id=/tmp/big-projects-work/buggy/wireshark-1.2-buggy/epan/radius_dict.c), id=g_hash_table_destroy)]
    05:32:32.740 [org.seqra.dataflow.ap.ifds.TaintAnalysisUnitRunnerManager-worker-1 @coroutine#169] WARN  o.s.i.i.CIRClasspathImplKt$logger$1 -- Find function by symbol name 'yy_fatal_error'
    05:32:32.742 [org.seqra.dataflow.ap.ifds.TaintAnalysisUnitRunnerManager-worker-1 @coroutine#169] WARN  o.s.i.i.CIRClasspathImplKt$logger$1 -- Find function by symbol name 'yy_get_next_buffer'
    05:32:32.760 [org.seqra.dataflow.ap.ifds.TaintAnalysisUnitRunnerManager-worker-1 @coroutine#169] WARN  o.s.i.i.CIRClasspathImplKt$logger$1 -- Find function by symbol name 'yy_get_previous_state'
    05:32:32.764 [org.seqra.dataflow.ap.ifds.TaintAnalysisUnitRunnerManager-worker-1 @coroutine#169] WARN  o.s.i.i.CIRClasspathImplKt$logger$1 -- Find function by symbol name 'Radiuswrap'
    05:32:32.766 [org.seqra.dataflow.ap.ifds.TaintAnalysisUnitRunnerManager-worker-1 @coroutine#169] WARN  o.s.i.i.CIRClasspathImplKt$logger$1 -- Find function by symbol name 'Radiusrestart'
    05:32:32.768 [org.seqra.dataflow.ap.ifds.TaintAnalysisUnitRunnerManager-worker-1 @coroutine#169] WARN  o.s.i.i.CIRClasspathImplKt$logger$1 -- Find function by symbol name 'yy_try_NUL_trans'
    05:32:32.772 [org.seqra.dataflow.ap.ifds.TaintAnalysisUnitRunnerManager-worker-1 @coroutine#169] WARN  o.s.i.i.CIRClasspathImplKt$logger$1 -- Find function by symbol name 'Radius_delete_buffer'
    05:32:32.774 [org.seqra.dataflow.ap.ifds.TaintAnalysisUnitRunnerManager-worker-1 @coroutine#169] WARN  o.s.i.i.CIRClasspathImplKt$logger$1 -- Find function by symbol name 'Radius_switch_to_buffer'
    05:32:33.430 [org.seqra.dataflow.ap.ifds.TaintAnalysisUnitRunnerManager-worker-1 @coroutine#169] WARN  o.s.i.i.CIRClasspathImplKt$logger$1 -- Find function by symbol name 'Radius_create_buffer'
    05:32:33.433 [org.seqra.dataflow.ap.ifds.TaintAnalysisUnitRunnerManager-worker-1 @coroutine#169] WARN  o.s.i.i.CIRClasspathImplKt$logger$1 -- Find function by symbol name 'g_strerror'
    05:32:33.434 [org.seqra.dataflow.ap.ifds.TaintAnalysisUnitRunnerManager-worker-1 @coroutine#169] WARN  o.s.i.i.CIRClasspathImplKt$logger$1 -- No definition for symbol 'g_strerror', using declaration CIRFunctionID(moduleID=MLIRModuleID(id=/tmp/big-projects-work/buggy/wireshark-1.2-buggy/epan/radius_dict.c), id=g_strerror)
    05:32:33.438 [org.seqra.dataflow.ap.ifds.TaintAnalysisUnitRunnerManager-worker-1 @coroutine#169] WARN  o.s.i.i.CIRClasspathImplKt$logger$1 -- Find function by symbol name 'strtol'
    05:32:33.438 [org.seqra.dataflow.ap.ifds.TaintAnalysisUnitRunnerManager-worker-1 @coroutine#169] WARN  o.s.i.i.CIRClasspathImplKt$logger$1 -- No definition for symbol 'strtol', using declaration CIRFunctionID(moduleID=MLIRModuleID(id=/tmp/big-projects-work/buggy/wireshark-1.2-buggy/epan/radius_dict.c), id=strtol)
    05:32:33.439 [org.seqra.dataflow.ap.ifds.TaintAnalysisUnitRunnerManager-worker-1 @coroutine#169] WARN  o.s.i.i.CIRClasspathImplKt$logger$1 -- Find function by symbol name 'add_value'
    05:32:33.513 [org.seqra.dataflow.ap.ifds.TaintAnalysisUnitRunnerManager-worker-1 @coroutine#169] WARN  o.s.i.i.CIRClasspathImplKt$logger$1 -- Find function by symbol name 'g_strdup_inline'
    05:32:33.513 [org.seqra.dataflow.ap.ifds.TaintAnalysisUnitRunnerManager-worker-1 @coroutine#169] WARN  o.s.i.i.CIRClasspathImplKt$logger$1 -- Ambiguous function resolution for symbol 'g_strdup_inline': [CIRFunctionID(moduleID=MLIRModuleID(id=/tmp/big-projects-work/buggy/wireshark-1.2-buggy/epan/dissectors/packet-radius.c), id=g_strdup_inline), CIRFunctionID(moduleID=MLIRModuleID(id=/tmp/big-projects-work/buggy/wireshark-1.2-buggy/epan/radius_dict.c), id=g_strdup_inline)]
    05:32:33.514 [org.seqra.dataflow.ap.ifds.TaintAnalysisUnitRunnerManager-worker-1 @coroutine#169] WARN  o.s.i.i.CIRClasspathImplKt$logger$1 -- Find function by symbol name 'g_strdup_inline'
    05:32:33.514 [org.seqra.dataflow.ap.ifds.TaintAnalysisUnitRunnerManager-worker-1 @coroutine#169] WARN  o.s.i.i.CIRClasspathImplKt$logger$1 -- Ambiguous function resolution for symbol 'g_strdup_inline': [CIRFunctionID(moduleID=MLIRModuleID(id=/tmp/big-projects-work/buggy/wireshark-1.2-buggy/epan/dissectors/packet-radius.c), id=g_strdup_inline), CIRFunctionID(moduleID=MLIRModuleID(id=/tmp/big-projects-work/buggy/wireshark-1.2-buggy/epan/radius_dict.c), id=g_strdup_inline)]
    05:32:33.514 [org.seqra.dataflow.ap.ifds.TaintAnalysisUnitRunnerManager-worker-1 @coroutine#169] WARN  o.s.i.i.CIRClasspathImplKt$logger$1 -- Find function by symbol name 'add_attribute'
    05:32:33.552 [org.seqra.dataflow.ap.ifds.TaintAnalysisUnitRunnerManager-worker-1 @coroutine#169] WARN  o.s.i.i.CIRClasspathImplKt$logger$1 -- Find function by symbol name 'g_strdup_inline'
    05:32:33.552 [org.seqra.dataflow.ap.ifds.TaintAnalysisUnitRunnerManager-worker-1 @coroutine#169] WARN  o.s.i.i.CIRClasspathImplKt$logger$1 -- Ambiguous function resolution for symbol 'g_strdup_inline': [CIRFunctionID(moduleID=MLIRModuleID(id=/tmp/big-projects-work/buggy/wireshark-1.2-buggy/epan/dissectors/packet-radius.c), id=g_strdup_inline), CIRFunctionID(moduleID=MLIRModuleID(id=/tmp/big-projects-work/buggy/wireshark-1.2-buggy/epan/radius_dict.c), id=g_strdup_inline)]
    05:32:33.554 [org.seqra.dataflow.ap.ifds.TaintAnalysisUnitRunnerManager-worker-1 @coroutine#169] WARN  o.s.i.i.CIRClasspathImplKt$logger$1 -- Find function by symbol name 'strtoul'
    05:32:33.555 [org.seqra.dataflow.ap.ifds.TaintAnalysisUnitRunnerManager-worker-1 @coroutine#169] WARN  o.s.i.i.CIRClasspathImplKt$logger$1 -- No definition for symbol 'strtoul', using declaration CIRFunctionID(moduleID=MLIRModuleID(id=/tmp/big-projects-work/buggy/wireshark-1.2-buggy/epan/radius_dict.c), id=strtoul)
    05:32:33.556 [org.seqra.dataflow.ap.ifds.TaintAnalysisUnitRunnerManager-worker-1 @coroutine#169] WARN  o.s.i.i.CIRClasspathImplKt$logger$1 -- Find function by symbol name 'g_strdup_inline'
    05:32:33.557 [org.seqra.dataflow.ap.ifds.TaintAnalysisUnitRunnerManager-worker-1 @coroutine#169] WARN  o.s.i.i.CIRClasspathImplKt$logger$1 -- Ambiguous function resolution for symbol 'g_strdup_inline': [CIRFunctionID(moduleID=MLIRModuleID(id=/tmp/big-projects-work/buggy/wireshark-1.2-buggy/epan/dissectors/packet-radius.c), id=g_strdup_inline), CIRFunctionID(moduleID=MLIRModuleID(id=/tmp/big-projects-work/buggy/wireshark-1.2-buggy/epan/radius_dict.c), id=g_strdup_inline)]
    05:32:33.557 [org.seqra.dataflow.ap.ifds.TaintAnalysisUnitRunnerManager-worker-1 @coroutine#169] WARN  o.s.i.i.CIRClasspathImplKt$logger$1 -- Find function by symbol name 'g_strdup_inline'
    05:32:33.558 [org.seqra.dataflow.ap.ifds.TaintAnalysisUnitRunnerManager-worker-1 @coroutine#169] WARN  o.s.i.i.CIRClasspathImplKt$logger$1 -- Ambiguous function resolution for symbol 'g_strdup_inline': [CIRFunctionID(moduleID=MLIRModuleID(id=/tmp/big-projects-work/buggy/wireshark-1.2-buggy/epan/dissectors/packet-radius.c), id=g_strdup_inline), CIRFunctionID(moduleID=MLIRModuleID(id=/tmp/big-projects-work/buggy/wireshark-1.2-buggy/epan/radius_dict.c), id=g_strdup_inline)]
    05:32:33.558 [org.seqra.dataflow.ap.ifds.TaintAnalysisUnitRunnerManager-worker-1 @coroutine#169] WARN  o.s.i.i.CIRClasspathImplKt$logger$1 -- Find function by symbol name 'add_vendor'
    05:32:33.562 [org.seqra.dataflow.ap.ifds.TaintAnalysisUnitRunnerManager-worker-1 @coroutine#169] WARN  o.s.i.i.CIRClasspathImplKt$logger$1 -- Find function by symbol name 'g_strdup_inline'
    05:32:33.563 [org.seqra.dataflow.ap.ifds.TaintAnalysisUnitRunnerManager-worker-1 @coroutine#169] WARN  o.s.i.i.CIRClasspathImplKt$logger$1 -- Ambiguous function resolution for symbol 'g_strdup_inline': [CIRFunctionID(moduleID=MLIRModuleID(id=/tmp/big-projects-work/buggy/wireshark-1.2-buggy/epan/dissectors/packet-radius.c), id=g_strdup_inline), CIRFunctionID(moduleID=MLIRModuleID(id=/tmp/big-projects-work/buggy/wireshark-1.2-buggy/epan/radius_dict.c), id=g_strdup_inline)]
    05:32:33.564 [org.seqra.dataflow.ap.ifds.TaintAnalysisUnitRunnerManager-worker-1 @coroutine#169] WARN  o.s.i.i.CIRClasspathImplKt$logger$1 -- Find function by symbol name 'g_strdup_inline'
    05:32:33.564 [org.seqra.dataflow.ap.ifds.TaintAnalysisUnitRunnerManager-worker-1 @coroutine#169] WARN  o.s.i.i.CIRClasspathImplKt$logger$1 -- Ambiguous function resolution for symbol 'g_strdup_inline': [CIRFunctionID(moduleID=MLIRModuleID(id=/tmp/big-projects-work/buggy/wireshark-1.2-buggy/epan/dissectors/packet-radius.c), id=g_strdup_inline), CIRFunctionID(moduleID=MLIRModuleID(id=/tmp/big-projects-work/buggy/wireshark-1.2-buggy/epan/radius_dict.c), id=g_strdup_inline)]
    05:32:33.565 [org.seqra.dataflow.ap.ifds.TaintAnalysisUnitRunnerManager-worker-1 @coroutine#169] WARN  o.s.i.i.CIRClasspathImplKt$logger$1 -- Find function by symbol name 'g_strdup_inline'
    05:32:33.565 [org.seqra.dataflow.ap.ifds.TaintAnalysisUnitRunnerManager-worker-1 @coroutine#169] WARN  o.s.i.i.CIRClasspathImplKt$logger$1 -- Ambiguous function resolution for symbol 'g_strdup_inline': [CIRFunctionID(moduleID=MLIRModuleID(id=/tmp/big-projects-work/buggy/wireshark-1.2-buggy/epan/dissectors/packet-radius.c), id=g_strdup_inline), CIRFunctionID(moduleID=MLIRModuleID(id=/tmp/big-projects-work/buggy/wireshark-1.2-buggy/epan/radius_dict.c), id=g_strdup_inline)]
    05:32:42.453 [org.seqra.dataflow.ap.ifds.TaintAnalysisUnitRunnerManager-progress @coroutine#170] INFO  o.s.d.a.i.TaintAnalysisUnitRunnerManager -- Progress: 50/116
    05:32:42.454 [org.seqra.dataflow.ap.ifds.TaintAnalysisUnitRunnerManager-progress @coroutine#170] INFO  o.s.d.a.i.TaintAnalysisUnitRunnerManager -- Memory usage: 12496218768/12884901888 (96.98%)
    05:32:52.458 [org.seqra.dataflow.ap.ifds.TaintAnalysisUnitRunnerManager-progress @coroutine#170] INFO  o.s.d.a.i.TaintAnalysisUnitRunnerManager -- Progress: 50/134
    05:32:52.459 [org.seqra.dataflow.ap.ifds.TaintAnalysisUnitRunnerManager-progress @coroutine#170] INFO  o.s.d.a.i.TaintAnalysisUnitRunnerManager -- Memory usage: 11510326584/12884901888 (89.33%)
    05:32:53.189 [org.seqra.dataflow.ap.ifds.TaintAnalysisUnitRunnerManager-worker-1 @coroutine#169] WARN  o.s.i.i.CIRClasspathImplKt$logger$1 -- Find function by symbol name 'Radius_load_buffer_state'
    05:32:53.199 [org.seqra.dataflow.ap.ifds.TaintAnalysisUnitRunnerManager-worker-1 @coroutine#169] WARN  o.s.i.i.CIRClasspathImplKt$logger$1 -- Find function by symbol name 'Radiusensure_buffer_stack'
    05:32:53.208 [org.seqra.dataflow.ap.ifds.TaintAnalysisUnitRunnerManager-worker-1 @coroutine#169] WARN  o.s.i.i.CIRClasspathImplKt$logger$1 -- Find function by symbol name 'Radiusfree'
    05:32:53.215 [org.seqra.dataflow.ap.ifds.TaintAnalysisUnitRunnerManager-worker-1 @coroutine#169] WARN  o.s.i.i.CIRClasspathImplKt$logger$1 -- Find function by symbol name 'Radiusrealloc'
    05:32:53.217 [org.seqra.dataflow.ap.ifds.TaintAnalysisUnitRunnerManager-worker-1 @coroutine#169] WARN  o.s.i.i.CIRClasspathImplKt$logger$1 -- Find function by symbol name 'Radiusalloc'
    05:32:53.219 [org.seqra.dataflow.ap.ifds.TaintAnalysisUnitRunnerManager-worker-1 @coroutine#169] WARN  o.s.i.i.CIRClasspathImplKt$logger$1 -- Find function by symbol name 'g_strdup_inline'
    05:32:53.220 [org.seqra.dataflow.ap.ifds.TaintAnalysisUnitRunnerManager-worker-1 @coroutine#169] WARN  o.s.i.i.CIRClasspathImplKt$logger$1 -- Ambiguous function resolution for symbol 'g_strdup_inline': [CIRFunctionID(moduleID=MLIRModuleID(id=/tmp/big-projects-work/buggy/wireshark-1.2-buggy/epan/dissectors/packet-radius.c), id=g_strdup_inline), CIRFunctionID(moduleID=MLIRModuleID(id=/tmp/big-projects-work/buggy/wireshark-1.2-buggy/epan/radius_dict.c), id=g_strdup_inline)]
    05:32:53.220 [org.seqra.dataflow.ap.ifds.TaintAnalysisUnitRunnerManager-worker-1 @coroutine#169] WARN  o.s.i.i.CIRClasspathImplKt$logger$1 -- Find function by symbol name 'g_strdup_inline'
    05:32:53.220 [org.seqra.dataflow.ap.ifds.TaintAnalysisUnitRunnerManager-worker-1 @coroutine#169] WARN  o.s.i.i.CIRClasspathImplKt$logger$1 -- Ambiguous function resolution for symbol 'g_strdup_inline': [CIRFunctionID(moduleID=MLIRModuleID(id=/tmp/big-projects-work/buggy/wireshark-1.2-buggy/epan/dissectors/packet-radius.c), id=g_strdup_inline), CIRFunctionID(moduleID=MLIRModuleID(id=/tmp/big-projects-work/buggy/wireshark-1.2-buggy/epan/radius_dict.c), id=g_strdup_inline)]
    05:32:53.221 [org.seqra.dataflow.ap.ifds.TaintAnalysisUnitRunnerManager-worker-1 @coroutine#169] WARN  o.s.i.i.CIRClasspathImplKt$logger$1 -- Find function by symbol name 'fprintf'
    05:32:53.221 [org.seqra.dataflow.ap.ifds.TaintAnalysisUnitRunnerManager-worker-1 @coroutine#169] WARN  o.s.i.i.CIRClasspathImplKt$logger$1 -- No definition for symbol 'fprintf', using declaration CIRFunctionID(moduleID=MLIRModuleID(id=/tmp/big-projects-work/buggy/wireshark-1.2-buggy/epan/radius_dict.c), id=fprintf)
    05:32:53.222 [org.seqra.dataflow.ap.ifds.TaintAnalysisUnitRunnerManager-worker-1 @coroutine#169] WARN  o.s.i.i.CIRClasspathImplKt$logger$1 -- Find function by symbol name 'malloc'
    05:32:53.222 [org.seqra.dataflow.ap.ifds.TaintAnalysisUnitRunnerManager-worker-1 @coroutine#169] WARN  o.s.i.i.CIRClasspathImplKt$logger$1 -- No definition for symbol 'malloc', using declaration CIRFunctionID(moduleID=MLIRModuleID(id=/tmp/big-projects-work/buggy/wireshark-1.2-buggy/epan/radius_dict.c), id=malloc)
    05:32:53.223 [org.seqra.dataflow.ap.ifds.TaintAnalysisUnitRunnerManager-worker-1 @coroutine#169] WARN  o.s.i.i.CIRClasspathImplKt$logger$1 -- Find function by symbol name 'g_strdup_inline'
    05:32:53.223 [org.seqra.dataflow.ap.ifds.TaintAnalysisUnitRunnerManager-worker-1 @coroutine#169] WARN  o.s.i.i.CIRClasspathImplKt$logger$1 -- Ambiguous function resolution for symbol 'g_strdup_inline': [CIRFunctionID(moduleID=MLIRModuleID(id=/tmp/big-projects-work/buggy/wireshark-1.2-buggy/epan/dissectors/packet-radius.c), id=g_strdup_inline), CIRFunctionID(moduleID=MLIRModuleID(id=/tmp/big-projects-work/buggy/wireshark-1.2-buggy/epan/radius_dict.c), id=g_strdup_inline)]
    05:32:53.299 [org.seqra.dataflow.ap.ifds.TaintAnalysisUnitRunnerManager-worker-1 @coroutine#169] WARN  o.s.i.i.CIRClasspathImplKt$logger$1 -- Find function by symbol name 'Radius_init_buffer'
    05:32:53.303 [org.seqra.dataflow.ap.ifds.TaintAnalysisUnitRunnerManager-worker-1 @coroutine#169] WARN  o.s.i.i.CIRClasspathImplKt$logger$1 -- Find function by symbol name 'free'
    05:32:53.303 [org.seqra.dataflow.ap.ifds.TaintAnalysisUnitRunnerManager-worker-1 @coroutine#169] WARN  o.s.i.i.CIRClasspathImplKt$logger$1 -- No definition for symbol 'free', using declaration CIRFunctionID(moduleID=MLIRModuleID(id=/tmp/big-projects-work/buggy/wireshark-1.2-buggy/epan/radius_dict.c), id=free)
    05:32:53.305 [org.seqra.dataflow.ap.ifds.TaintAnalysisUnitRunnerManager-worker-1 @coroutine#169] WARN  o.s.i.i.CIRClasspathImplKt$logger$1 -- Find function by symbol name 'Radius_flush_buffer'
    05:32:53.308 [org.seqra.dataflow.ap.ifds.TaintAnalysisUnitRunnerManager-worker-1 @coroutine#169] WARN  o.s.i.i.CIRClasspathImplKt$logger$1 -- Find function by symbol name 'realloc'
    05:32:53.308 [org.seqra.dataflow.ap.ifds.TaintAnalysisUnitRunnerManager-worker-1 @coroutine#169] WARN  o.s.i.i.CIRClasspathImplKt$logger$1 -- No definition for symbol 'realloc', using declaration CIRFunctionID(moduleID=MLIRModuleID(id=/tmp/big-projects-work/buggy/wireshark-1.2-buggy/epan/radius_dict.c), id=realloc)
    05:32:53.309 [org.seqra.dataflow.ap.ifds.TaintAnalysisUnitRunnerManager-worker-1 @coroutine#169] WARN  o.s.i.i.CIRClasspathImplKt$logger$1 -- Find function by symbol name 'fread'
    05:32:53.310 [org.seqra.dataflow.ap.ifds.TaintAnalysisUnitRunnerManager-worker-1 @coroutine#169] WARN  o.s.i.i.CIRClasspathImplKt$logger$1 -- No definition for symbol 'fread', using declaration CIRFunctionID(moduleID=MLIRModuleID(id=/tmp/big-projects-work/buggy/wireshark-1.2-buggy/epan/radius_dict.c), id=fread)
    05:32:53.310 [org.seqra.dataflow.ap.ifds.TaintAnalysisUnitRunnerManager-worker-1 @coroutine#169] WARN  o.s.i.i.CIRClasspathImplKt$logger$1 -- Find function by symbol name 'clearerr'
    05:32:53.311 [org.seqra.dataflow.ap.ifds.TaintAnalysisUnitRunnerManager-worker-1 @coroutine#169] WARN  o.s.i.i.CIRClasspathImplKt$logger$1 -- No definition for symbol 'clearerr', using declaration CIRFunctionID(moduleID=MLIRModuleID(id=/tmp/big-projects-work/buggy/wireshark-1.2-buggy/epan/radius_dict.c), id=clearerr)
    05:32:53.311 [org.seqra.dataflow.ap.ifds.TaintAnalysisUnitRunnerManager-worker-1 @coroutine#169] WARN  o.s.i.i.CIRClasspathImplKt$logger$1 -- Find function by symbol name 'ferror'
    05:32:53.311 [org.seqra.dataflow.ap.ifds.TaintAnalysisUnitRunnerManager-worker-1 @coroutine#169] WARN  o.s.i.i.CIRClasspathImplKt$logger$1 -- No definition for symbol 'ferror', using declaration CIRFunctionID(moduleID=MLIRModuleID(id=/tmp/big-projects-work/buggy/wireshark-1.2-buggy/epan/radius_dict.c), id=ferror)
    05:32:53.312 [org.seqra.dataflow.ap.ifds.TaintAnalysisUnitRunnerManager-worker-1 @coroutine#169] WARN  o.s.i.i.CIRClasspathImplKt$logger$1 -- Find function by symbol name 'getc'
    05:32:53.312 [org.seqra.dataflow.ap.ifds.TaintAnalysisUnitRunnerManager-worker-1 @coroutine#169] WARN  o.s.i.i.CIRClasspathImplKt$logger$1 -- No definition for symbol 'getc', using declaration CIRFunctionID(moduleID=MLIRModuleID(id=/tmp/big-projects-work/buggy/wireshark-1.2-buggy/epan/radius_dict.c), id=getc)
    05:32:53.314 [org.seqra.dataflow.ap.ifds.TaintAnalysisUnitRunnerManager-worker-1 @coroutine#169] WARN  o.s.i.i.CIRClasspathImplKt$logger$1 -- Find function by symbol name 'g_strdup_inline'
    05:32:53.315 [org.seqra.dataflow.ap.ifds.TaintAnalysisUnitRunnerManager-worker-1 @coroutine#169] WARN  o.s.i.i.CIRClasspathImplKt$logger$1 -- Ambiguous function resolution for symbol 'g_strdup_inline': [CIRFunctionID(moduleID=MLIRModuleID(id=/tmp/big-projects-work/buggy/wireshark-1.2-buggy/epan/dissectors/packet-radius.c), id=g_strdup_inline), CIRFunctionID(moduleID=MLIRModuleID(id=/tmp/big-projects-work/buggy/wireshark-1.2-buggy/epan/radius_dict.c), id=g_strdup_inline)]
    05:32:53.399 [org.seqra.dataflow.ap.ifds.TaintAnalysisUnitRunnerManager-worker-1 @coroutine#169] WARN  o.s.i.i.CIRClasspathImplKt$logger$1 -- Find function by symbol name 'add_tlv'
    05:32:53.936 [org.seqra.dataflow.ap.ifds.TaintAnalysisUnitRunnerManager-worker-1 @coroutine#169] WARN  o.s.i.i.CIRClasspathImplKt$logger$1 -- Find function by symbol name 'g_strdup_inline'
    05:32:53.937 [org.seqra.dataflow.ap.ifds.TaintAnalysisUnitRunnerManager-worker-1 @coroutine#169] WARN  o.s.i.i.CIRClasspathImplKt$logger$1 -- Ambiguous function resolution for symbol 'g_strdup_inline': [CIRFunctionID(moduleID=MLIRModuleID(id=/tmp/big-projects-work/buggy/wireshark-1.2-buggy/epan/dissectors/packet-radius.c), id=g_strdup_inline), CIRFunctionID(moduleID=MLIRModuleID(id=/tmp/big-projects-work/buggy/wireshark-1.2-buggy/epan/radius_dict.c), id=g_strdup_inline)]
    05:32:53.997 [Test worker @coroutine#171] INFO  o.s.d.a.i.TaintAnalysisUnitRunnerManager -- Progress: 700/0
    05:32:53.997 [Test worker @coroutine#171] INFO  o.s.d.a.i.TaintAnalysisUnitRunnerManager -- Memory usage: 12334163176/12884901888 (95.73%)
    05:32:53.997 [Test worker @coroutine#171] INFO  o.s.d.a.i.TaintAnalysisUnitRunnerManager -- Analysis done in 21.545235969s
    05:32:53.998 [Test worker] INFO  o.s.c.s.d.CIRTaintAnalyzer$Loader$logger$1 -- Total vulnerabilities: 117
    05:32:53.998 [Test worker] INFO  o.s.c.s.d.CIRTaintAnalyzer$Loader$logger$1 -- Start trace generation
    05:32:54.167 [Test worker] INFO  o.s.d.a.i.TaintAnalysisUnitRunnerManager -- Resolved 117/117 traces
    05:32:54.167 [Test worker] INFO  o.s.c.s.d.CIRTaintAnalyzer$Loader$logger$1 -- Finish trace generation

BigProjectsEntrypointsTest > bigProject(String, boolean, String, List) > 501116-v1.0.0:register_radius_fields STANDARD_ERROR
    [TRACE] entry=register_radius_fields ifdsHits=117
    [TRACE]   #0 degenerate=true rule=use-after-free sink@#register_radius_fields:(/tmp/big-projects-work/buggy/wireshark-1.2-buggy/epan/dissectors/packet-radius.c:1957:2)
    [TRACE]   #1 degenerate=true rule=use-after-free-deref sink@#radius_load_dictionary:(radius_dict.l:618:7)
    [TRACE]   #2 degenerate=true rule=use-after-free-deref sink@#radius_load_dictionary:(radius_dict.l:618:7)
    [TRACE]   #3 degenerate=true rule=use-after-free-deref sink@#radius_load_dictionary:(radius_dict.l:618:28)
    [TRACE]   #4 degenerate=true rule=use-after-free-deref sink@#radius_load_dictionary:(radius_dict.l:618:28)
    [TRACE]   #5 degenerate=false rule=use-after-free sink@#radius_load_dictionary:(radius_dict.l:618:21)
    [TRACE]   #6 degenerate=false rule=use-after-free-deref sink@#register_radius_fields:(/tmp/big-projects-work/buggy/wireshark-1.2-buggy/epan/dissectors/packet-radius.c:1939:27)
    [TRACE]   #7 degenerate=false rule=use-after-free sink@#register_radius_fields:(/tmp/big-projects-work/buggy/wireshark-1.2-buggy/epan/dissectors/packet-radius.c:1939:8)
    [TRACE]   #8 degenerate=true rule=use-after-free sink@#destroy_dict:(radius_dict.l:584:2)
    [TRACE]   #9 degenerate=true rule=use-after-free-deref sink@#destroy_dict:(radius_dict.l:584:9)
    [TRACE]   #10 degenerate=true rule=use-after-free-deref sink@#destroy_dict:(radius_dict.l:581:23)
    [TRACE]   #11 degenerate=true rule=use-after-free-deref sink@#destroy_dict:(radius_dict.l:582:23)
    [TRACE]   #12 degenerate=true rule=use-after-free-deref sink@#destroy_dict:(../epan/dissectors/packet-radius.h:88:14)
    [TRACE]   #13 degenerate=true rule=use-after-free-deref sink@#destroy_dict:(radius_dict.l:581:26)
    [TRACE]   #14 degenerate=true rule=use-after-free sink@#destroy_dict:(radius_dict.l:581:2)
    [TRACE]   #15 degenerate=true rule=use-after-free-deref sink@#destroy_dict:(radius_dict.l:583:23)
    [TRACE]   #16 degenerate=true rule=use-after-free-deref sink@#destroy_dict:(radius_dict.l:580:26)
    [TRACE]   #17 degenerate=true rule=use-after-free-deref sink@#destroy_dict:(../epan/dissectors/packet-radius.h:90:14)
    [TRACE]   #18 degenerate=true rule=use-after-free sink@#destroy_dict:(radius_dict.l:580:2)
    [TRACE]   #19 degenerate=true rule=use-after-free-deref sink@#Radiuslex:(radius_dict.l:302:3)
    [TRACE]   #20 degenerate=true rule=use-after-free-deref sink@#destroy_dict:(radius_dict.l:579:30)
    [TRACE]   #21 degenerate=true rule=use-after-free-deref sink@#destroy_dict:(radius_dict.l:580:23)
    [TRACE]   #22 degenerate=true rule=use-after-free-deref sink@#Radiuslex:(radius_dict.l:301:10)
    [TRACE]   #23 degenerate=true rule=use-after-free-deref sink@#Radiuslex:(radius_dict.l:255:2)
    [TRACE]   #24 degenerate=true rule=use-after-free-deref sink@#Radiuslex:(radius_dict.l:258:23)
    [TRACE]   #25 degenerate=true rule=use-after-free-deref sink@#Radiuslex:(radius_dict.l:258:23)
    [TRACE]   #26 degenerate=true rule=use-after-free-deref sink@#Radiuslex:(radius_dict.l:301:10)
    [TRACE]   #27 degenerate=true rule=use-after-free-deref sink@#Radiuslex:(radius_dict.l:264:4)
    [TRACE]   #28 degenerate=false rule=use-after-free sink@#Radiuslex:(radius_dict.l:301:3)
    [TRACE]   #29 degenerate=true rule=use-after-free sink@#Radiuslex:(radius_dict.l:258:13)
    [TRACE]   #30 degenerate=true rule=use-after-free-deref sink@#Radiuslex:(radius_dict.c:1807:8)
    [TRACE]   #31 degenerate=true rule=use-after-free-deref sink@#Radiuslex:(radius_dict.c:1830:25)
    [TRACE]   #32 degenerate=true rule=use-after-free-deref sink@#Radiuslex:(radius_dict.c:1910:6)
    [TRACE]   #33 degenerate=true rule=use-after-free-deref sink@#Radiuslex:(radius_dict.c:1830:25)
    [TRACE]   #34 degenerate=true rule=use-after-free-deref sink@#Radiuslex:(radius_dict.c:1818:19)
    [TRACE]   #35 degenerate=true rule=use-after-free-deref sink@#Radiuslex:(radius_dict.c:1818:19)
    [TRACE]   #36 degenerate=true rule=use-after-free-deref sink@#Radiuslex:(radius_dict.c:1807:8)
    [TRACE]   #37 degenerate=true rule=use-after-free-deref sink@#Radiuslex:(radius_dict.c:1819:4)
    [TRACE]   #38 degenerate=true rule=use-after-free-deref sink@#Radiuslex:(radius_dict.c:1910:6)
    [TRACE]   #39 degenerate=true rule=use-after-free-deref sink@#Radiuslex:(radius_dict.c:1820:4)
    [TRACE]   #40 degenerate=true rule=use-after-free-deref sink@#Radiuslex:(radius_dict.c:1819:4)
    [TRACE]   #41 degenerate=true rule=use-after-free-deref sink@#Radiuslex:(radius_dict.c:1820:4)
    [TRACE]   #42 degenerate=true rule=use-after-free-deref sink@#Radiuslex:(radius_dict.l:304:24)
    [TRACE]   #43 degenerate=true rule=use-after-free-deref sink@#Radiuslex:(radius_dict.l:253:39)
    [TRACE]   #44 degenerate=true rule=use-after-free-deref sink@#Radiuslex:(radius_dict.l:304:24)
    [TRACE]   #45 degenerate=true rule=use-after-free-deref sink@#Radiuslex:(radius_dict.l:253:39)
    [TRACE]   #46 degenerate=true rule=use-after-free-deref sink@#Radiuslex:(radius_dict.l:253:2)
    [TRACE]   #47 degenerate=true rule=use-after-free-deref sink@#Radiuslex:(radius_dict.c:1830:51)
    [TRACE]   #48 degenerate=true rule=use-after-free-deref sink@#Radiuslex:(radius_dict.c:222:8)
    [TRACE]   #49 degenerate=true rule=use-after-free-deref sink@#Radiuslex:(radius_dict.c:222:8)
    [TRACE]   #50 degenerate=true rule=use-after-free sink@#Radiuslex:(radius_dict.l:245:34)
    [TRACE]   #51 degenerate=true rule=use-after-free-deref sink@#Radiuslex:(radius_dict.c:1910:32)
    [TRACE]   #52 degenerate=true rule=use-after-free sink@#Radiuslex:(radius_dict.l:234:5)
    [TRACE]   #53 degenerate=true rule=use-after-free sink@#Radiuslex:(radius_dict.l:244:34)
    [TRACE]   #54 degenerate=true rule=use-after-free sink@#Radiuslex:(radius_dict.l:194:39)
    [TRACE]   #55 degenerate=true rule=use-after-free sink@#Radiuslex:(radius_dict.l:225:5)
    [TRACE]   #56 degenerate=false rule=use-after-free sink@#Radiuslex:(radius_dict.l:175:28)
    [TRACE]   #57 degenerate=true rule=use-after-free sink@#Radiuslex:(radius_dict.l:171:26)
    [TRACE]   #58 degenerate=true rule=use-after-free sink@#Radiuslex:(radius_dict.l:164:17)
    [TRACE]   #59 degenerate=true rule=use-after-free sink@#Radiuslex:(radius_dict.l:160:17)
    [TRACE]   #60 degenerate=true rule=use-after-free sink@#Radiuslex:(radius_dict.l:146:9)
    [TRACE]   #61 degenerate=true rule=use-after-free sink@#Radiuslex:(radius_dict.l:139:9)
    [TRACE]   #62 degenerate=true rule=use-after-free sink@#Radiuslex:(radius_dict.l:131:9)
    [TRACE]   #63 degenerate=true rule=use-after-free sink@#Radiuslex:(radius_dict.l:124:9)
    [TRACE]   #64 degenerate=true rule=use-after-free-deref sink@#Radiuslex:(radius_dict.c:1312:25)
    [TRACE]   #65 degenerate=true rule=use-after-free-deref sink@#Radiuslex:(fused: (radius_dict.c:1325:4)(radius_dict.c:1325:6))
    [TRACE]   #66 degenerate=true rule=use-after-free-deref sink@#Radiuslex:(radius_dict.c:1334:3)
    [TRACE]   #67 degenerate=true rule=use-after-free-deref sink@#Radiuslex:(radius_dict.c:1830:73)
    [TRACE]   #68 degenerate=true rule=use-after-free-deref sink@#Radiuslex:(radius_dict.c:1910:54)
    [TRACE]   #69 degenerate=true rule=use-after-free-deref sink@#Radiuslex:(radius_dict.c:1915:26)
    [TRACE]   #70 degenerate=true rule=use-after-free sink@#Radiuslex:(radius_dict.l:187:5)
    [TRACE]   #71 degenerate=true rule=use-after-free-deref sink@#Radiuslex:(radius_dict.c:1905:26)
    [TRACE]   #72 degenerate=true rule=use-after-free-deref sink@#Radiuslex:(radius_dict.c:1900:19)
    [TRACE]   #73 degenerate=true rule=use-after-free-deref sink@#Radiuslex:(radius_dict.c:1884:34)
    [TRACE]   #74 degenerate=true rule=use-after-free-deref sink@#Radiuslex:(radius_dict.c:1849:25)
    [TRACE]   #75 degenerate=true rule=use-after-free-deref sink@#Radiuslex:(radius_dict.c:1834:32)
    [TRACE]   #76 degenerate=true rule=use-after-free-deref sink@#Radiuslex:(radius_dict.l:175:45)
    [TRACE]   #77 degenerate=true rule=use-after-free-deref sink@#Radiuslex:(fused: (radius_dict.c:1854:13)(radius_dict.c:1854:26))
    [TRACE]   #78 degenerate=true rule=use-after-free sink@#Radiuslex:(radius_dict.l:245:83)
    [TRACE]   #79 degenerate=true rule=use-after-free sink@#Radiuslex:(radius_dict.l:237:5)
    [TRACE]   #80 degenerate=true rule=use-after-free sink@#Radiuslex:(radius_dict.l:244:83)
    [TRACE]   #81 degenerate=true rule=use-after-free sink@#Radiuslex:(radius_dict.l:236:5)
    [TRACE]   #82 degenerate=true rule=use-after-free sink@#Radiuslex:(radius_dict.l:227:5)
    [TRACE]   #83 degenerate=true rule=use-after-free sink@#Radiuslex:(radius_dict.l:218:5)
    [TRACE]   #84 degenerate=true rule=use-after-free sink@#Radiuslex:(radius_dict.l:217:5)
    [TRACE]   #85 degenerate=true rule=use-after-free-deref sink@#add_vendor:(../epan/dissectors/packet-radius.h:57:15)
    [TRACE]   #86 degenerate=true rule=use-after-free-deref sink@#add_vendor:(radius_dict.l:339:2)
    [TRACE]   #87 degenerate=true rule=use-after-free-deref sink@#add_vendor:(radius_dict.l:341:42)
    [TRACE]   #88 degenerate=true rule=use-after-free-deref sink@#add_vendor:(radius_dict.l:341:68)
    [TRACE]   #89 degenerate=true rule=use-after-free sink@#add_vendor:(radius_dict.l:338:3)
    [TRACE]   #90 degenerate=true rule=use-after-free-deref sink@#add_attribute:(radius_dict.l:397:12)
    [TRACE]   #91 degenerate=true rule=use-after-free-deref sink@#add_attribute:(../epan/dissectors/packet-radius.h:72:15)
    [TRACE]   #92 degenerate=true rule=use-after-free-deref sink@#add_attribute:(radius_dict.l:397:15)
    [TRACE]   #93 degenerate=true rule=use-after-free-deref sink@#add_attribute:(../epan/dissectors/packet-radius.h:72:15)
    [TRACE]   #94 degenerate=true rule=use-after-free-deref sink@#add_attribute:(radius_dict.l:398:2)
    [TRACE]   #95 degenerate=false rule=use-after-free-deref sink@#add_vendor:(radius_dict.l:339:12)
    [TRACE]   #96 degenerate=true rule=use-after-free-deref sink@#add_attribute:(radius_dict.l:400:52)
    [TRACE]   #97 degenerate=false rule=use-after-free-deref sink@#add_attribute:(radius_dict.l:352:6)
    [TRACE]   #98 degenerate=false rule=use-after-free sink@#add_attribute:(radius_dict.l:373:7)
    [TRACE]   #99 degenerate=false rule=use-after-free sink@#add_attribute:(radius_dict.l:353:3)
    [TRACE]   #100 degenerate=false rule=use-after-free-deref sink@#add_attribute:(radius_dict.l:353:32)
    [TRACE]   #101 degenerate=false rule=use-after-free-deref sink@#add_attribute:(radius_dict.l:398:12)
    [TRACE]   #102 degenerate=false rule=use-after-free-deref sink@#add_attribute:(radius_dict.l:358:6)
    [TRACE]   #103 degenerate=false rule=use-after-free-deref sink@#add_attribute:(radius_dict.l:360:49)
    [TRACE]   #104 degenerate=false rule=use-after-free-deref sink@#add_attribute:(radius_dict.l:353:17)
    [TRACE]   #105 degenerate=false rule=use-after-free-deref sink@#add_attribute:(radius_dict.l:373:14)
    [TRACE]   #106 degenerate=true rule=use-after-free-deref sink@#add_tlv:(radius_dict.l:454:2)
    [TRACE]   #107 degenerate=true rule=use-after-free-deref sink@#add_tlv:(../epan/dissectors/packet-radius.h:72:15)
    [TRACE]   #108 degenerate=true rule=use-after-free-deref sink@#add_tlv:(radius_dict.l:456:36)
    [TRACE]   #109 degenerate=true rule=use-after-free-deref sink@#add_attribute:(radius_dict.l:353:11)
    [TRACE]   #110 degenerate=true rule=use-after-free-deref sink@#add_tlv:(radius_dict.l:456:62)
    [TRACE]   #111 degenerate=true rule=use-after-free sink@#Radiuslex:(radius_dict.l:226:5)
    [TRACE]   #112 degenerate=true rule=use-after-free sink@#Radiuslex:(radius_dict.l:216:5)
    [TRACE]   #113 degenerate=true rule=use-after-free sink@#Radiuslex:(radius_dict.l:235:5)
    [TRACE]   #114 degenerate=true rule=use-after-free sink@#Radiuslex:(radius_dict.l:188:5)
    [TRACE]   #115 degenerate=false rule=use-after-free-deref sink@#add_tlv:(radius_dict.l:454:12)
    [TRACE]   #116 degenerate=true rule=use-after-free sink@#Radiuslex:(radius_dict.l:304:3)

BigProjectsEntrypointsTest > bigProject(String, boolean, String, List) > 501116-v1.0.0:register_radius_fields PASSED

5 tests completed, 2 failed

> Task :test FAILED
w: Detected multiple Kotlin daemon sessions at kotlin/sessions
w: Detected multiple Kotlin daemon sessions at 

FAILURE: Build failed with an exception.

* What went wrong:
Execution failed for task ':test'.
> There were failing tests. See the report at: file:///workspace/seqra-cir-sast/build/reports/tests/test/index.html

* Try:
> Run with --scan to get full insights.

BUILD FAILED in 3m 7s
24 actionable tasks: 24 executed
